"","Sample ID","Date Sampled","OS Conference","Vegetation","Altitude (m)","Pteridium aquilinium","Calunna vulgaris","Vaccinium vitis-idaea","Vaccinium mytrilus","Grass","Empetrum nigrum","Cladonia arbuscula","Moss","Galium saxatile","Erica cinaerea","Oxalis stricta","Fern","Tormentil","Thistle","Unknown3","LatitudeN","LongitudeE","Site","Veg. richness","Veg. shannon","Veg. simpson","Veg. evenness","Soil Moisture (% fresh soil mass)","pH","NPOC (mg C g-1)","TNb (mg N g-1)","Drift Corr C (g per kg)","Drift Corr N (g per kg)","CN ratio","alpha","SUVA (L mg-1 cm-1)"
"1","BHM-B-1","15/08/2024","SE2075865137","Bracken",290,50,0,0,0,50,0,0,0,0,0,0,0,0,0,0,54.081737,-1.6842036,"Brimham Moor",2,0.693147180559945,0.5,1,29.66299633,3.7,0.471030998805402,0.0489481463483772,68.51454482,3.459881357,19.80257059,0.00899985773456745,0.0315834721401322
"2","BHM-B-10","16/08/2024","SE2140564575","Bracken",242,100,0,0,0,1,0,0,0,0,0,0,0,0,0,0,54.07666,-1.6743538,"Brimham Moor",2,0.0555460752688918,0.0196059209881385,0.0801360473312753,47.16272908,3.58,1.01351089460615,0.0605978493092643,151.1704644,6.630393636,22.79962136,0.00924929572494505,0.0102374976318677
"3","BHM-B-2","15/08/2024","SE2074165210","Bracken",292,80,0,0,5,15,0,0,0,0,0,0,0,0,0,0,54.082394,-1.6844585,"Brimham Moor",3,0.612869452461949,0.335,0.557857816432178,47.03592534,3.42,2.18336852994,0.123973711218126,349.7979506,16.79043328,20.83316998,0.0117388504614931,0.00425303365710025
"4","BHM-B-3","15/08/2024","SE2087365098","Bracken",290,95,0,0,5,0,0,0,0,0,0,0,0,0,0,0,54.081382,-1.6824485,"Brimham Moor",2,0.198515243345873,0.0950000000000001,0.286396957115956,18.58066391,3.62,0.851788972056885,0.0449456717133384,73.69843218,3.333704651,22.10706703,0.00635288456521294,0.0226693606965402
"5","BHM-B-4","15/08/2024","SE2097365078","Bracken",286,90,0,0,0,10,0,0,0,0,0,0,0,0,0,0,54.081198,-1.6809214,"Brimham Moor",2,0.325082973391448,0.18,0.468995593589281,11.78499058,3.79,0.667447089848096,0.0421310436446935,86.18572177,3.379429357,25.50303991,0.00809522280495592,0.00681861228440719
"6","BHM-B-5","15/08/2024","SE2093665022","Bracken",283,100,0,0,0,0,0,0,0,0,0,0,0,0,0,0,54.080697,-1.6814908,"Brimham Moor",1,0,0,NA,60.06018917,3.19,1.84790916147523,0.103536811098063,417.2342584,15.62580535,26.70161627,0.0113750400120309,0.0032473652181874
"7","BHM-B-6","16/08/2024","SE2096564461","Bracken",259,66,0,0,14,20,0,0,0,0,0,0,0,0,0,0,54.075653,-1.6810862,"Brimham Moor",3,0.871383575393716,0.5048,0.793167511761705,20.9760844,3.75,0.886323367683598,0.0516475907295019,137.029667,5.561522277,24.63887766,0.00892084832991016,0.0105468144139797
"8","BHM-B-7","16/08/2024","SE2105964478","Bracken",257,84,15,0,1,0,0,0,10,0,0,0,0,0,0,0,54.075802,-1.6796484,"Brimham Moor",4,0.738342047162308,0.389917355371901,0.532601204960433,18.33817929,4.4,0.983916135160605,0.0415363382373581,114.4859724,4.612844657,24.81895249,0.0103696375484577,0.00987837558033603
"9","BHM-B-8","16/08/2024","SE2111664494","Bracken",251,50,0,0,50,0,0,0,15,0,0,0,0,0,0,0,54.075944,-1.6787762,"Brimham Moor",3,0.989949053934139,0.604914933837429,0.90109046125298,51.92493516,3.73,0.468789194870307,0.0245610172674326,108.8858511,4.652857066,23.40193338,0.00764355158217543,0.0103852763184528
"10","BHM-B-9","16/08/2024","SE2131764512","Bracken",236,82,0,0,18,1,0,0,5,0,0,0,0,0,0,0,54.076097,-1.6757031,"Brimham Moor",4,0.687732872602914,0.370416518333927,0.496094402380273,51.54725984,3.65,1.45501405637941,0.0486399792149652,107.6567404,5.146114075,20.9200066,0.00825016052960089,0.0119260058825263
"11","BHM-H-1","15/08/2024","SE2078065239","Heather",290,0,82,0,7,0,0,0,11,0,0,0,0,0,0,0,54.082653,-1.6838604,"Brimham Moor",3,0.591678212789711,0.3106,0.538568718821656,54.98632443,3.73,0.650415794953579,0.0332094075279849,99.86229217,3.668606921,27.22076644,0.00854982995342896,0.0167419342200393
"12","BHM-H-10","16/08/2024","SE2155564571","Heather",238,0,100,0,5,0,0,0,17,0,0,0,0,0,0,0,54.076618,-1.6720616,"Brimham Moor",3,0.568538790553459,0.307041117979038,0.517506309020738,42.48570468,3.67,0.569430637160421,0.0355200957617318,63.29432568,2.333077653,27.12911231,0.00839701474836485,0.0166834916815073
"13","BHM-H-2","15/08/2024","SE2082765240","Heather",292,0,95,0,0,0,0,0,5,0,0,0,0,0,0,0,54.08266,-1.6831419,"Brimham Moor",2,0.198515243345873,0.0950000000000001,0.286396957115956,46.1894699,3.52,2.93128785016705,0.101588807850464,341.8480411,11.40535537,29.97259007,0.0102447694110913,0.00430455015536085
"14","BHM-H-3","15/08/2024","SE2086365190","Heather",292,0,100,0,0,0,0,0,9,0,0,0,0,0,0,0,54.082209,-1.6825951,"Brimham Moor",2,0.284998893285702,0.151502398787981,0.411166490002126,60.8440067,3.76,0.944127512182078,0.0418895095475794,96.13765385,3.27270465,29.37559729,0.00822576062509395,0.0101965172407505
"15","BHM-H-4","15/08/2024","SE2093165061","Heather",286,0,93,0,0,2,0,0,5,0,0,0,0,0,0,0,54.081047,-1.6815645,"Brimham Moor",3,0.295517818122659,0.1322,0.26899191022242,13.845352,3.85,0.949541409048356,0.0164068435922745,58.37376725,2.726503555,21.40975285,0.00711650118323674,0.00543866542733467
"16","BHM-H-5","15/08/2024","SE2103665103","Heather",288,0,95,0,0,0,0,0,5,0,0,0,0,0,0,0,54.081421,-1.6799567,"Brimham Moor",2,0.198515243345873,0.0950000000000001,0.286396957115956,40.97701435,3.69,1.28131399389586,0.0467706268376219,119.4158217,3.81285878,31.31923541,0.00866255072623519,0.00691618371583189
"17","BHM-H-6","15/08/2024","SE2108065157","Heather",294,0,100,0,0,5,0,0,0,0,0,0,0,0,0,0,54.081904,-1.6792805,"Brimham Moor",2,0.191444081957717,0.090702947845805,0.276195427647939,33.44042939,3.9,0.398456572177948,0.0224419112932513,53.57779165,1.78147387,30.07498036,0.00730069104256385,0.0137851591179524
"18","BHM-H-7","15/08/2024","SE2120765261","Heather",293,0,100,0,3,0,0,0,15,0,0,0,0,0,0,0,54.082834,-1.677332,"Brimham Moor",3,0.495823535640693,0.265010054582017,0.451318031624969,18.31244387,3.83,0.569689639119273,0.0159475381763428,71.66517988,2.21427624,32.36505843,0.00746746092947923,0.00586673753523848
"19","BHM-H-8","15/08/2024","SE2112465141","Heather",294,0,100,0,2,0,0,0,9,0,0,0,0,0,0,0,54.081758,-1.678609,"Brimham Moor",3,0.370085749456884,0.181478776073371,0.336866566371247,14.32457269,3.85,1.18947645121613,0.0166531100811411,81.79568161,2.521271889,32.44222964,0.0075554202093335,0.00283120749540294
"20","BHM-H-9","16/08/2024","SE2149964607","Heather",248,0,100,0,1,0,0,0,10,0,0,0,0,0,0,0,54.076944,-1.6729149,"Brimham Moor",3,0.353288133485761,0.18018018018018,0.321576717400518,27.41691843,3.63,1.18873863954838,0.0693821649417464,156.9135268,5.558455617,28.22969861,0.00925331286860736,0.00977985845938812
"21","BRI-B-1","08/08/2024","SE8735791881","Bracken",223,100,0,0,3,0,0,0,0,0,0,0,0,0,0,0,54.315055,-0.65865718,"Bridestones",2,0.131691556532418,0.0565557545480253,0.189990755536268,62.35822163,3.61,1.66558669948042,0.0577342915513706,420.2242821,13.08471587,32.1156597,0.0105958712452742,0.00354976897582096
"22","BRI-B-10","09/08/2024","SE8757691147","Bracken",214,100,0,0,13,0,0,0,0,0,0,0,0,0,0,0,54.308423,-0.65550673,"Bridestones",2,0.356933303262702,0.203618137677187,0.514945906545217,43.14247156,3.43,3.02259331402692,0.115228008101476,470.4706761,18.46374961,25.48077644,0.0105148667629216,0.00276686409163254
"23","BRI-B-2","08/08/2024","SE8732591889","Bracken",216,100,0,0,14,0,0,0,0,0,0,0,0,0,0,0,54.315132,-0.6591466,"Bridestones",2,0.372480718452191,0.215450907971684,0.537376085337734,71.46194927,3.67,0.872829242379256,0.0281901557155582,117.3510537,4.304222275,27.26417137,0.0062450066578986,0.0220431489390493
"24","BRI-B-3","08/08/2024","SE8735691888","Bracken",222,100,0,0,0,0,0,0,0,0,0,0,0,0,0,0,54.315118,-0.6586705,"Bridestones",1,0,0,NA,48.20923405,3.54,0.974811145388388,0.0291521647435137,137.7837031,4.996653715,27.57519551,0.0108553263512686,0.00634962495625758
"25","BRI-B-4","08/08/2024","SE8747691350","Bracken",209,100,0,0,5,0,0,0,0,0,0,0,0,0,0,0,54.310264,-0.65698383,"Bridestones",2,0.191444081957717,0.090702947845805,0.276195427647939,59.9806462,3.5,1.32837252956868,0.0525877906851303,314.2758674,11.40700308,27.55113374,0.0106610324491812,0.00452938563460872
"26","BRI-B-5","08/08/2024","SE8746991270","Bracken",216,100,0,0,0,0,0,0,0,0,0,0,0,0,0,0,54.309546,-0.65711478,"Bridestones",1,0,0,NA,56.57451857,3.36,1.11004865455268,0.027961473537881,259.9674722,9.585417859,27.1211413,0.00927383030451078,0.0053491721306343
"27","BRI-B-6","08/08/2024","SE8738690886","Bracken",203,100,0,0,0,5,0,0,0,0,0,0,0,0,0,0,54.30611,-0.65850229,"Bridestones",2,0.191444081957717,0.090702947845805,0.276195427647939,42.07809559,3.41,0.492383548067394,0.00977700693756194,120.3853079,3.58346286,33.59468553,0.00809339895591465,0.00631019594818997
"28","BRI-B-7","09/08/2024","SE8758790880","Bracken",205,100,0,0,11,0,0,0,0,0,0,0,0,0,0,0,54.306022,-0.6554159,"Bridestones",2,0.323098970685386,0.178556935313692,0.466133282724135,41.57762414,3.32,1.2997319024337,0.0428823611083563,258.4895152,9.296925444,27.80376338,0.0101095111293469,0.00332679250700099
"29","BRI-B-8","09/08/2024","SE8754990914","Bracken",205,100,0,0,0,0,0,0,0,0,0,0,0,0,0,0,54.306334,-0.65598978,"Bridestones",1,0,0,NA,76.1125105,3.56,0.854062602261554,0.0302310717797443,84.39867356,3.437337569,24.55350162,0.00965302911745827,0.010511389259216
"30","BRI-B-9","09/08/2024","SE8763491008","Bracken",211,100,0,0,0,7,0,0,0,0,0,0,0,0,0,0,54.307164,-0.6546563,"Bridestones",2,0.24162893126381,0.12228142195825,0.348596860869598,61.36088099,3.2,2.76679817576786,0.121581677205855,476.013288,19.98494525,23.81859355,0.0101681133552626,0.00499078248950434
"31","BRI-H-1","08/08/2024","SE8746591982","Heather",219,0,100,13,13,0,0,0,0,0,0,0,0,0,0,0,54.315944,-0.65696797,"Bridestones",3,0.652109669706961,0.348828420256992,0.593575801429947,69.53383459,3.62,1.67244072058621,0.0486464451996935,117.1471187,4.845397823,24.1769867,0.00972161187823829,0.00978183943217758
"32","BRI-H-10","09/08/2024","SE8760191126","Heather",213,0,100,0,3,0,2,0,0,0,0,0,0,0,0,0,54.30823,-0.65512876,"Bridestones",3,0.223492256577206,0.0917913832199547,0.203431418783922,60.93725511,3.41,0.497976844468073,0.0101781295754819,96.87686214,2.609020594,37.13150535,0.0073506982590325,0.0073940076905588
"33","BRI-H-2","08/08/2024","SE8745891955","Heather",227,0,100,0,10,0,0,0,0,0,0,0,0,0,0,0,54.315703,-0.65708344,"Bridestones",2,0.304636097349238,0.165289256198347,0.439496986921513,76.10763652,3.59,0.95148031718262,0.0144984119469814,130.7022213,3.890757536,33.59300087,0.00776060758966618,0.00607709075400544
"34","BRI-H-3","08/08/2024","SE8732191761","Heather",222,0,100,0,1,0,0,0,0,0,0,0,0,0,0,0,54.313983,-0.65924545,"Bridestones",2,0.0555460752688918,0.0196059209881385,0.0801360473312753,83.36646033,3.39,4.63759796887074,0.114315413759797,453.9644848,13.93800848,32.5702546,0.00881794089588991,0.00598043416166809
"35","BRI-H-4","08/08/2024","SE8739491764","Heather",224,0,100,0,1,0,0,0,0,0,0,0,0,0,0,0,54.313997,-0.65812279,"Bridestones",2,0.0555460752688918,0.0196059209881385,0.0801360473312753,17.81020934,3.72,0.504854692813988,0.00821396657564118,32.22865981,0.966343129,33.35115534,0.00717842456932989,0.00641948564649917
"36","BRI-H-5","08/08/2024","SE8762591582","Heather",222,0,100,0,0,0,0,0,0,0,0,0,0,0,0,0,54.312323,-0.65462639,"Bridestones",1,0,0,NA,55.54595218,3.8,0.275291161213491,0.00249110200734715,47.55003172,1.032556733,46.05076913,0.00601787835452589,0.0138759050499496
"37","BRI-H-6","09/08/2024","SE8763390838","Heather",202,0,100,0,17,0,0,0,0,0,0,0,0,0,0,0,54.305637,-0.65472147,"Bridestones",2,0.414467563449339,0.248374607348966,0.597950298397693,28.17572978,3.66,0.663648426015331,0.0118167904851518,47.52143912,1.586637754,29.95103262,0.00825487110245814,0.0280151829256306
"38","BRI-H-7","09/08/2024","SE8754090982","Heather",207,0,100,0,7,0,4,0,0,0,0,0,0,0,0,0,54.306946,-0.65610815,"Bridestones",3,0.388056623954894,0.183102020939859,0.353224361276124,58.76196932,3.41,1.02253113337427,0.0253291602303791,166.2612294,4.811788002,34.55289995,0.00893732448272508,0.00709035521079917
"39","BRI-H-8","09/08/2024","SE8756991009","Heather",214,0,100,0,0,1,0,0,0,0,0,0,0,0,0,0,54.307184,-0.65565468,"Bridestones",2,0.0555460752688918,0.0196059209881385,0.0801360473312753,72.99653455,3.48,3.5560833455455,0.0877634039112638,447.9124575,15.8127916,28.32595716,0.00927964954592491,0.00346021580798292
"40","BRI-H-9","09/08/2024","SE8762991075","Heather",214,0,100,0,0,0,0,7,0,0,0,0,0,0,0,0,54.307767,-0.65471349,"Bridestones",2,0.24162893126381,0.12228142195825,0.348596860869598,76.75499308,3.51,3.70555188185638,0.127933815743406,437.6146398,13.92683025,31.422415,0.00929320305038056,0.0029972206156465
"41","HAW-B-1","12/09/2024","NY5004114814","Bracken",411,95,0,0,0,5,0,0,3,0,0,0,0,0,0,0,54.526133,-2.7734196,"Haweswater",3,0.324424802499284,0.146102365915732,0.295304181325513,52.02099107,3.83,1.53965052390776,0.090458342694908,150.0911986,10.12984229,14.81673597,0.0112796966552046,0.00355533150481396
"42","HAW-B-10","13/09/2024","NY5046415155","Bracken",389,82,0,0,0,35,0,0,3,1,0,0,0,0,0,0,54.529239,-2.766942,"Haweswater",4,0.753774039036389,0.45638959087494,0.543733034034321,45.51809963,3.87,1.80857202447164,0.0929852614015573,137.2569955,9.880319508,13.8919592,0.0116827421685492,0.00430529127986315
"43","HAW-B-2","12/09/2024","NY4979114902","Bracken",414,90,0,0,0,0,0,0,40,0,0,0,0,0,0,0,54.526899,-2.7772969,"Haweswater",2,0.617241769730342,0.42603550295858,0.890491640219491,51.87722353,3.54,1.56508450732133,0.103144174295112,224.6121268,13.06716884,17.18904298,0.0111222088405979,0.00563691435118515
"44","HAW-B-3","12/09/2024","NY4981614934","Bracken",415,97,0,0,0,3,0,0,0,0,0,0,0,0,0,0,54.527189,-2.7769161,"Haweswater",2,0.134742168179767,0.0582,0.194391857831576,39.42184065,3.7,2.44142711278668,0.126515211033223,160.3449896,10.22413464,15.68298885,0.0117121247655929,0.00345231105785084
"45","HAW-B-4","12/09/2024","NY4992015017","Bracken",417,92,0,0,6,10,0,0,8,0,0,0,0,0,0,0,54.527946,-2.7753235,"Haweswater",4,0.732758387940337,0.356123662306778,0.528573446225658,63.72614235,3.5,4.06348568707969,0.270183234491857,344.0272043,18.81180654,18.28783448,0.0135810190528984,0.00252884926374116
"46","HAW-B-5","13/09/2024","NY5013514836","Bracken",421,95,0,0,0,1,0,0,9,0,0,0,0,0,0,0,54.52634,-2.7719711,"Haweswater",3,0.345452484461549,0.173968253968254,0.3144444022926,73.88853299,3.47,3.39063930657009,0.375875774055385,373.1257864,21.86377451,17.06593645,0.0195884602653782,0.00160225876479051
"47","HAW-B-6","13/09/2024","NY5021014855","Bracken",412,85,0,0,5,30,0,0,2,4,0,0,0,0,0,0,54.526518,-2.7708156,"Haweswater",5,0.910568100449006,0.485386747291509,0.565767771104553,75.65717141,3.63,2.90760890894819,0.189635661940738,232.0190541,12.54485814,18.49515168,0.0123126088476517,0.00407972504880316
"48","HAW-B-7","13/09/2024","NY5027214990","Bracken",423,90,0,0,0,12,0,0,15,2,0,0,0,0,0,0,54.527738,-2.7698806,"Haweswater",4,0.772326875423858,0.40166654897253,0.557116076559634,69.23484787,3.52,2.44209217338341,0.229634893259568,232.1604996,13.85103658,16.76123648,0.0124847077249972,0.0039801222510657
"49","HAW-B-8","13/09/2024","NY5027715080","Bracken",410,100,0,0,0,0,0,0,0,0,0,0,0,0,0,0,54.528547,-2.7698185,"Haweswater",1,0,0,NA,60.00079974,3.87,1.56873343948728,0.0838053126490461,142.0764502,10.70934968,13.26658055,0.0113665369316836,0.00359139585125251
"50","HAW-B-9","13/09/2024","NY5035415144","Bracken",388,100,0,0,0,0,0,0,0,0,0,0,0,0,0,0,54.52913,-2.7686397,"Haweswater",1,0,0,NA,77.43243839,3.6,2.74680089396966,0.137332463113862,379.8599791,23.52293199,16.14849625,0.0111205577342551,0.00354980162873251
"51","HAW-H-1","12/09/2024","NY5001814792","Heather",413,0,100,0,1,3,0,0,0,0,0,0,0,0,0,0,54.525933,-2.7737712,"Haweswater",3,0.184651904287397,0.0745192307692307,0.168077406553733,85.6520145,3.82,4.13190026347921,0.206124285071654,451.9159788,17.43079275,25.92630096,0.0109006199430677,0.0041915189784825
"52","HAW-H-10","13/09/2024","NY5054815124","Heather",389,0,100,0,2,0,0,0,1,0,0,0,0,0,0,0,54.528969,-2.7656389,"Haweswater",3,0.150230804152655,0.0569327929116787,0.13674597098744,73.39533043,3.68,4.30246635424177,0.200617840262757,434.857876,19.44004207,22.3691839,0.0127207861382141,0.00245425759580507
"53","HAW-H-2","12/09/2024","NY4991314801","Heather",408,0,92,0,0,1,0,0,10,0,0,0,0,0,0,0,54.526004,-2.7753949,"Haweswater",3,0.372297920089323,0.192666603826939,0.338880170856886,86.37885463,3.9,4.83400917670912,0.14300264621052,452.0525095,14.18946263,31.85832482,0.0112578360959355,0.00620283873345882
"54","HAW-H-3","12/09/2024","NY4982214789","Heather",409,0,100,0,1,0,0,0,9,0,0,0,0,0,0,0,54.525887,-2.7767987,"Haweswater",3,0.334189094930279,0.166776859504132,0.30419202331646,75.70712136,3.57,3.10635762624338,0.0882583961876304,343.989193,10.58035485,32.51206579,0.0114055026034093,0.00263080734567513
"55","HAW-H-4","12/09/2024","NY4974414780","Heather",411,0,100,0,2,4,0,0,0,0,0,0,0,0,0,0,54.525798,-2.7780022,"Haweswater",3,0.253547675202552,0.108223567105732,0.230789039789404,76.71310317,3.83,2.97496681823639,0.102423781589531,233.2931509,8.970252677,26.00742246,0.0121490910106358,0.00204802374664769
"56","HAW-H-5","12/09/2024","NY4975714894","Heather",423,0,90,0,8,2,0,0,0,0,0,0,0,0,0,0,54.526824,-2.7778208,"Haweswater",3,0.375123215745267,0.1832,0.341451865789744,75.37051563,3.72,3.19368050490671,0.139360040939746,357.8013698,14.64144284,24.43757584,0.012071892381693,0.00367024488339993
"57","HAW-H-6","12/09/2024","NY5007314980","Heather",423,0,96,0,10,0,0,0,12,0,0,0,0,0,0,0,54.527628,-2.7729534,"Haweswater",3,0.609479903208811,0.320597529445562,0.554772515741388,81.60319259,3.67,5.40401155583973,0.208837737993748,452.5828709,14.28770205,31.6763934,0.0114320386988079,0.00465905874083232
"58","HAW-H-7","13/09/2024","NY5024414947","Heather",421,0,100,0,4,1,0,0,6,0,0,0,0,0,0,0,54.527349,-2.7703059,"Haweswater",4,0.413919815198307,0.184075967859752,0.298580032356137,75.01183401,3.68,3.78795657035747,0.138438281024353,393.8703427,17.64707624,22.31929739,0.0117729946492448,0.0033972674756946
"59","HAW-H-8","13/09/2024","NY5024515062","Heather",423,0,10,0,0,1,0,0,4,0,0,0,0,0,0,0,54.528382,-2.7703099,"Haweswater",3,0.803314976140876,0.48,0.731208802620227,76.8834946,3.61,5.00165451707857,0.146738378869594,417.2126837,13.03053062,32.01808858,0.0134616675757275,0.00118098379109621
"60","HAW-H-9","13/09/2024","NY5040815162","Heather",390,0,100,0,6,2,0,0,10,0,0,0,0,0,0,0,54.529297,-2.7678084,"Haweswater",4,0.570009025268734,0.271760988221775,0.411174597008577,77.85782682,3.72,4.32300714657974,0.139154012293323,390.7741901,13.33842821,29.29686946,0.0124887720820981,0.00173032942045664
"61","SWM-B-1","23/08/2024","SE4699799447","Bracken",205,100,0,0,0,0,0,0,0,0,0,0,0,0,0,0,54.388347,-1.2777997,"Scarth Wood Moor",1,0,0,NA,34.88657876,5.45,0.9045500962256,0.0270511763088645,45.51048163,3.024889082,15.04533898,0.0102582435872306,0.00656730675292815
"62","SWM-B-10","24/08/2024","SE4645899127","Bracken",223,85,0,0,0,15,0,0,0,0,0,0,0,0,0,0,54.385521,-1.2861489,"Scarth Wood Moor",2,0.422709087805991,0.255,0.6098403047164,19.08148014,3.64,1.65850050799849,0.0442157897882344,66.39974447,3.387720911,19.60012239,0.00766509932686114,0.0101949808862877
"63","SWM-B-2","23/08/2024","SE4695799540","Bracken",210,100,0,0,0,0,0,0,0,0,0,0,0,0,0,0,54.389186,-1.2784009,"Scarth Wood Moor",1,0,0,NA,70.09797943,3.03,1.39119154490934,0.0498198796514319,431.0095515,17.37549222,24.8056024,0.0102491833076156,0.00570689420236607
"64","SWM-B-3","23/08/2024","SE4693799593","Bracken",221,100,0,0,0,0,0,0,0,0,0,0,0,0,0,0,54.389665,-1.2787005,"Scarth Wood Moor",1,0,0,NA,81.10951072,3.42,3.1597917888185,0.176469505008839,387.4583354,15.02480715,25.78790739,0.0105358797754652,0.00934790041520605
"65","SWM-B-4","23/08/2024","SE4695599636","Bracken",226,99,0,0,1,0,0,0,0,0,0,0,0,0,0,0,54.390049,-1.2784166,"Scarth Wood Moor",2,0.0560015343548473,0.0198,0.0807931358959112,44.93794269,3.27,1.58449508382762,0.0436202907890489,313.783897,11.28953212,27.79423396,0.00968483431629513,0.00581254078549014
"66","SWM-B-5","23/08/2024","SE4677199682","Bracken",232,100,0,0,0,0,0,0,0,0,0,0,0,0,0,0,54.39048,-1.2812426,"Scarth Wood Moor",1,0,0,NA,24.69892321,3.36,0.706590830098447,0.0241732698345206,127.1469116,5.275032458,24.10353161,0.00831542700288786,0.0148035048919775
"67","SWM-B-6","23/08/2024","SE4646699621","Bracken",243,100,0,0,0,0,0,0,0,0,0,0,0,0,0,0,54.389959,-1.2859487,"Scarth Wood Moor",1,0,0,NA,46.24018781,3.42,1.07318018968565,0.0594338217036149,208.4360341,9.404298558,22.16391077,0.00944531158911591,0.0133722957567816
"68","SWM-B-7","23/08/2024","SE4634399608","Bracken",268,90,0,0,0,10,0,0,0,0,0,0,0,0,0,0,54.389854,-1.2878447,"Scarth Wood Moor",2,0.325082973391448,0.18,0.468995593589281,52.25341581,3.52,2.28505793299176,0.115941665009042,411.5298098,18.20191332,22.60915117,0.00897703130841644,0.00721242621293125
"69","SWM-B-8","23/08/2024","SE4630199480","Bracken",264,100,0,0,0,0,0,0,0,0,0,0,0,0,0,0,54.388707,-1.2885113,"Scarth Wood Moor",1,0,0,NA,49.24722484,3.81,1.27183685011525,0.0538558022715184,175.9467584,7.590987812,23.17837451,0.00963337144222046,0.010715309169042
"70","SWM-B-9","23/08/2024","SE4646199445","Bracken",232,90,0,0,10,0,0,0,0,0,0,0,0,0,0,0,54.388378,-1.2860531,"Scarth Wood Moor",2,0.325082973391448,0.18,0.468995593589281,20.59765208,3.49,1.39559829928244,0.0616902531393263,183.4603543,7.861411802,23.33682027,0.0058040792558253,0.013318162449052
"71","SWM-H-1","23/08/2024","SE4697299510","Heather",200,0,94,0,1,0,0,0,5,0,0,0,0,0,0,0,54.388916,-1.2781747,"Scarth Wood Moor",3,0.254001195032583,0.1138,0.231201851328751,89.04940566,3.98,3.266655873624,0.152205194609324,367.393351,13.28498621,27.6547785,0.0101397173054364,0.00555852279450219
"72","SWM-H-10","24/08/2024","SE4686399980","Heather",240,0,100,0,0,0,0,0,5,0,0,0,0,0,0,0,54.393149,-1.2797791,"Scarth Wood Moor",2,0.191444081957717,0.090702947845805,0.276195427647939,28.79533809,3.55,0.728584962770961,0.0159424350993775,69.40085093,2.304607447,30.11395759,0.00876114626946711,0.0191204413862138
"73","SWM-H-2","23/08/2024","SE4691099652","Heather",234,0,100,0,0,0,0,0,10,0,0,0,0,0,0,0,54.390197,-1.279107,"Scarth Wood Moor",2,0.304636097349238,0.165289256198347,0.439496986921513,64.92779783,3.52,1.05344406000472,0.0349634189513433,94.45959919,3.839543181,24.60178066,0.00903260768735822,0.0134093387723572
"74","SWM-H-3","23/08/2024","SE4684199678","Heather",235,0,90,0,0,0,0,0,10,0,0,0,0,0,0,0,54.390437,-1.2801654,"Scarth Wood Moor",2,0.325082973391448,0.18,0.468995593589281,20.2049447,3.51,1.32044964245667,0.0252493458973501,91.7724392,3.768506588,24.35246882,0.00852616324336856,0.0110358064666628
"75","SWM-H-4","23/08/2024","SE4680899708","Heather",230,0,100,0,0,0,0,0,0,0,0,0,0,0,0,0,54.39071,-1.2806688,"Scarth Wood Moor",1,0,0,NA,48.59254528,3.49,1.01893176136704,0.0221305588252898,214.9970652,7.899121649,27.21784456,0.00926358788709755,0.0133928789936098
"76","SWM-H-5","24/08/2024","SE4662499235","Heather",202,0,100,0,2,5,0,0,2,0,0,0,0,0,0,0,54.386476,-1.2835762,"Scarth Wood Moor",4,0.367157085135388,0.15554246275566,0.264847852976035,30.52542659,3.7,1.11609445776063,0.0454634363027868,121.2265316,5.766975968,21.02081442,0.00992367926074472,0.0105909138824602
"77","SWM-H-6","24/08/2024","SE4626599783","Heather",274,0,100,0,0,0,0,0,25,0,0,0,0,0,0,0,54.391433,-1.2890186,"Scarth Wood Moor",2,0.500402423538188,0.32,0.721928094887362,55.30357861,3.41,2.10774459218099,0.0402295429003771,344.0922614,11.51880923,29.87220767,0.00969293110033174,0.00586107142268682
"78","SWM-H-7","24/08/2024","SE4620499908","Heather",286,0,100,0,0,0,0,0,50,0,0,0,0,0,0,0,54.392562,-1.2899385,"Scarth Wood Moor",2,0.636514168294813,0.444444444444444,0.918295834054489,38.81605707,3.64,2.20004043262913,0.0668637757505307,207.8808214,7.568548616,27.46640498,0.008454734271183,0.00836434642775098
"79","SWM-H-8","24/08/2024","NZ4629300082","Heather",276,0,100,0,0,0,0,0,30,0,0,0,0,0,0,0,54.394118,-1.2885409,"Scarth Wood Moor",2,0.540204142388861,0.355029585798816,0.779349837292085,29.08506144,3.53,1.9243919615934,0.067052848754166,222.3235895,8.425847548,26.38590222,0.00274122069844132,0.00994281207878996
"80","SWM-H-9","24/08/2024","NZ4657600019","Heather",262,0,100,0,0,0,0,0,10,0,0,0,0,0,0,0,54.393526,-1.2841926,"Scarth Wood Moor",2,0.304636097349238,0.165289256198347,0.439496986921513,28.02986534,3.7,1.07594217862126,0.0147317546662353,114.5227803,4.276171754,26.78161376,0.0085428363258105,0.0104357713730587
"81","WDY-B-1","03/10/2024","NY8372229478","Bracken",420,47,24,0,2,0,0,0,26,1,0,0,0,0,0,0,54.660123,-2.253851,"Widdybanks",5,1.17189985040407,0.6534,0.728142316861233,51.2645638,4.23,1.0028459799294,0.0633437124171988,122.445427,7.773520395,15.75160555,0.0107286369050996,0.00637786633178748
"82","WDY-B-10","04/10/2024","NY8361629308","Bracken",432,100,0,0,4,24,0,0,0,1,0,0,0,0,0,0,54.658592,-2.2554846,"Widdybanks",4,0.65566133481408,0.363439697133586,0.472959678119456,56.47702052,4.36,1.2046768623604,0.09045175570983,142.0519424,10.04971872,14.13491724,0.0114087193800152,0.00629735369074518
"83","WDY-B-2","03/10/2024","NY8372729456","Bracken",429,55,20,0,13,0,0,0,11,3,0,1,0,0,0,0,54.659926,-2.2537723,"Widdybanks",6,1.30137950111651,0.648883023847677,0.726313728749084,76.18923271,3.8,1.29890652395875,0.0560065372523251,163.5948387,8.561596822,19.10798209,0.00893926818945497,0.0136472065430777
"84","WDY-B-3","03/10/2024","NY8372829436","Bracken",434,61,14,0,0,20,0,0,0,0,0,1,4,0,0,0,54.659746,-2.2537557,"Widdybanks",5,1.07347087354064,0.5666,0.666984954963024,52.26747001,4.26,1.00817652552308,0.0782615031195978,108.3861527,7.429534834,14.58855166,0.0102579802097532,0.0057057264207653
"85","WDY-B-4","03/10/2024","NY8371229411","Bracken",431,50,28,0,0,25,0,0,6,11,0,0,0,0,0,0,54.659521,-2.2540023,"Widdybanks",5,1.39997360116398,0.717638888888889,0.869852505864403,43.66558953,4.24,1.48591407990048,0.0966517513594318,95.82984179,7.403630603,12.94362819,0.0106306471422932,0.00305184765068498
"86","WDY-B-5","03/10/2024","NY8368329396","Bracken",429,57,16,0,8,0,0,0,10,11,0,1,0,0,0,0,54.659385,-2.254451,"Widdybanks",6,1.32547099709792,0.642661890847394,0.739759448665825,52.1742568,3.85,1.74670194412587,0.0829359570229975,186.1633756,10.65142475,17.477791,0.0105408052316955,0.00582575156954768
"87","WDY-B-6","03/10/2024","NY8362229453","Bracken",402,58,0,0,0,94,0,0,0,0,0,1,0,3,0,0,54.659895,-2.2553998,"Widdybanks",4,0.781450616152889,0.4982741617357,0.563697464311699,51.29739701,5.24,1.12428933960223,0.0983924484586784,77.06224212,5.369166178,14.35273925,0.011064638823927,0.00538048328113244
"88","WDY-B-7","04/10/2024","NY8373929576","Bracken",397,86,10,0,0,20,0,0,0,0,0,1,0,0,2,1,54.661004,-2.253593,"Widdybanks",6,0.892486257449197,0.45125,0.498106064333349,41.81253529,5.45,1.41557801480566,0.0745093472140644,57.53005172,4.277930712,13.44810274,0.0101185950338519,0.00307262703089947
"89","WDY-B-8","04/10/2024","NY8377229535","Bracken",411,91,0,0,0,31,0,0,5,1,0,0,0,0,0,0,54.660637,-2.2530792,"Widdybanks",4,0.750553638964591,0.434326171875,0.54141000642769,52.16209687,4.23,1.10508812642597,0.0776461327202498,108.7448355,6.880257373,15.80534413,0.0102676742078347,0.00506638977924401
"90","WDY-B-9","04/10/2024","NY8379129504","Bracken",425,95,3,0,5,4,0,0,17,0,0,0,0,0,0,0,54.660359,-2.2527829,"Widdybanks",5,0.806804667027122,0.390998959417274,0.501295924989686,64.73244061,3.77,1.83074700218452,0.0995384948437377,203.4110276,11.54982204,17.61161574,0.00982296365757477,0.00911324775715266
"91","WDY-H-1","03/10/2024","NY8373329606","Heather",395,0,100,0,0,4,0,0,1,0,0,0,0,0,0,0,54.661274,-2.2536877,"Widdybanks",3,0.215272768792869,0.0914285714285715,0.195949718579839,28.76175549,4.23,0.82825986822342,0.0474435743896822,45.30961822,3.144897253,14.40734453,0.0100880414795476,0.00602671824941063
"92","WDY-H-10","04/10/2024","NY8355329314","Heather",404,0,100,0,0,0,0,0,14,0,0,1,0,2,0,0,54.658644,-2.2564615,"Widdybanks",4,0.498497733305939,0.254803126597998,0.359590103867433,45.101358,5.57,0.447914397930898,0.046018546020196,83.16851342,5.566808724,14.94007025,0.00960805811143758,0.00653127682201511
"93","WDY-H-2","03/10/2024","NY8370929586","Heather",395,0,100,0,0,0,0,0,5,1,0,0,0,0,0,0,54.661093,-2.2540586,"Widdybanks",3,0.243022035989618,0.107689569241723,0.221208190092469,78.74357326,3.9,0.685923840390815,0.0225454690173917,66.01206123,3.188286131,20.70455992,0.00951983689728851,0.0175295241045995
"94","WDY-H-3","03/10/2024","NY8370329547","Heather",399,0,98,0,0,1,0,0,20,0,0,0,0,0,0,0,54.660743,-2.2541494,"Widdybanks",3,0.499783506718287,0.293482098721842,0.454922552636102,46.08091482,5.01,0.62340817622258,0.0251957255285086,68.15337009,5.043476572,13.51317273,0.0124670721631952,0.00174658790673874
"95","WDY-H-4","03/10/2024","NY8370429496","Heather",406,0,98,0,0,0,0,0,6,0,0,0,0,0,0,0,54.660284,-2.2541311,"Widdybanks",2,0.220570036400177,0.108727810650888,0.318215297683233,49.16650699,5.47,0.634947936509515,0.0550396691256885,94.56615901,6.201470455,15.24898969,0.0104593229745103,0.00457219209350754
"96","WDY-H-5","03/10/2024","NY8363629418","Heather",417,1,100,0,0,0,0,0,13,0,0,0,0,0,0,0,54.659581,-2.2551808,"Widdybanks",3,0.404081253255819,0.217451523545707,0.36781060745798,45.79530088,4.32,1.18925448861212,0.0590981125175237,113.7737624,6.279508216,18.11825998,0.0100749348293645,0.00535586917480095
"97","WDY-H-6","04/10/2024","NY8375929555","Heather",403,5,100,0,4,0,0,0,3,0,0,2,0,0,0,0,54.660816,-2.2532818,"Widdybanks",5,0.536272862143764,0.226377346875962,0.333205063706191,59.49314745,4.37,0.572793760606121,0.0358162470801973,90.27265502,5.48955993,16.44442472,0.00857796929773063,0.00790326702995653
"98","WDY-H-7","04/10/2024","NY8379029464","Heather",435,0,92,0,13,0,0,0,16,5,0,0,0,0,0,0,54.66,-2.2527962,"Widdybanks",4,0.854079527161647,0.438523557571177,0.61608814918045,62.55294968,3.61,4.83954408663222,0.180601070940308,412.9735731,19.53228051,21.14313139,0.0120197052162234,0.00118501583314039
"99","WDY-H-8","04/10/2024","NY8359429279","Heather",431,0,99,0,7,0,0,0,0,0,0,0,0,0,0,0,54.658331,-2.255824,"Widdybanks",2,0.243267054426109,0.123353506585974,0.350960173032213,61.92199437,3.98,2.51275727682377,0.112093871381886,217.8097993,11.43475116,19.04805765,0.0102559600384677,0.00629879597878726
"100","WDY-H-9","04/10/2024","NY8355329286","Heather",412,0,100,1,0,0,0,0,29,0,0,0,0,0,0,0,54.658392,-2.2564599,"Widdybanks",3,0.573929853006222,0.358461538461538,0.522413465538438,59.99669121,3.93,1.26197993734583,0.0806248972372965,222.3793171,10.31599156,21.5567564,0.00987717042242792,0.0121851422332502
"101","WHI-B-1","11/09/2024","NY1662921412","Bracken",409,90,0,0,0,50,0,0,0,0,0,1,0,0,0,0,54.58101,-3.2914181,"Whiteside",3,0.689298751363054,0.466777325084251,0.627426762355551,52.43471249,4.24,1.94163554265337,0.134699817228226,109.1675874,8.078756403,13.51291981,0.0131253983615923,0.00337394803903668
"102","WHI-B-10","11/09/2024","NY1659021287","Bracken",411,90,0,0,0,0,0,0,16,0,0,16,0,0,0,0,54.579881,-3.2919858,"Whiteside",3,0.757252934557872,0.421392098898146,0.689281325512861,50.42477809,4.16,1.78475028295439,0.100994109723981,135.2061487,8.974507158,15.06557924,0.0113846733825595,0.00288638620719338
"103","WHI-B-2","11/09/2024","NY1665421423","Bracken",413,90,0,0,0,25,0,0,1,0,0,1,0,0,0,0,54.581113,-3.2910346,"Whiteside",4,0.61298790102486,0.362480824019285,0.44217730246675,51.68543689,4.16,1.53911588552134,0.082510986966396,94.84554575,7.451559216,12.72828183,0.00924331301432645,0.00202728510288227
"104","WHI-B-3","11/09/2024","NY1671721430","Bracken",440,90,0,0,0,25,0,0,0,0,0,0,0,0,0,0,54.581187,-3.2900621,"Whiteside",2,0.52358633748126,0.340264650283554,0.755375412561429,57.023766,4.28,2.07644158295656,0.109863377236092,118.5299238,8.474815844,13.98613563,0.010803326592701,0.00221530946107669
"105","WHI-B-4","11/09/2024","NY1672121389","Bracken",446,95,0,0,2,20,0,0,6,0,0,2,0,0,0,0,54.580819,-3.2899886,"Whiteside",5,0.779864971616387,0.393984,0.484557351104601,66.24747196,3.85,1.61949698301202,0.074356193466318,139.6928758,7.973636245,17.51934394,0.011088657436751,0.00327332583640116
"106","WHI-B-5","11/09/2024","NY1663821353","Bracken",420,86,0,0,1,12,0,0,12,5,0,0,0,0,0,0,54.580482,-3.2912622,"Whiteside",5,0.86773832356426,0.427021403091558,0.539156134486667,56.83760684,3.77,2.389187938183,0.110117659763194,206.1546382,12.24612713,16.83427226,0.0117816867775482,0.00349833074369418
"107","WHI-B-6","11/09/2024","NY1660221390","Bracken",399,85,0,0,8,0,0,0,13,0,0,12,0,0,0,0,54.580808,-3.2918295,"Whiteside",4,0.894209111079465,0.45403619649526,0.645035525036036,61.02426062,3.88,1.79224284189747,0.142729501533128,169.474377,9.541261183,17.76226159,0.0122912058109722,0.00549316406301187
"108","WHI-B-7","11/09/2024","NY1659621344","Bracken",404,100,0,0,0,40,0,0,5,0,0,3,0,0,0,0,54.580394,-3.2919092,"Whiteside",4,0.811974279226673,0.468864134404675,0.585715632984856,60.2701257,4.19,2.51477059082363,0.173545275161006,126.1171289,8.576887782,14.70429975,0.0118063453280463,0.00224085068816187
"109","WHI-B-8","11/09/2024","NY1656821358","Bracken",394,90,0,0,0,50,0,0,0,0,0,3,0,0,0,0,54.580515,-3.2923463,"Whiteside",3,0.739908564056163,0.481197124553768,0.673493799121055,66.19334418,4.02,1.57067294618549,0.102569835009241,123.2560714,9.102712226,13.5405875,0.0111350265411427,0.00355525940146336
"110","WHI-B-9","11/09/2024","NY1657121320","Bracken",400,80,0,0,5,10,0,0,12,0,0,0,0,0,0,0,54.580174,-3.2922891,"Whiteside",4,0.827463871251836,0.417503712114595,0.596889011784904,53.71071013,4.05,1.67162666162375,0.110955987886849,112.1369819,7.157831278,15.66633489,0.0114167031925528,0.0033407200368634
"111","WHI-H-1","10/09/2024","NY1655121219","Heather",408,0,100,0,0,0,0,0,5,0,0,0,0,0,0,0,54.579263,-3.2925697,"Whiteside",2,0.191444081957717,0.090702947845805,0.276195427647939,67.27377744,4.02,2.05312516390376,0.0565295715860765,148.1158766,7.420686905,19.95986066,0.0103931827448414,0.00355285491019195
"112","WHI-H-10","11/09/2024","NY1684821457","Heather",482,0,100,0,15,0,0,0,1,0,0,0,0,0,0,0,54.581451,-3.2880435,"Whiteside",3,0.433436987525828,0.240041617122473,0.394531348316976,55.80391161,4.11,1.61466517412687,0.0615941304652046,106.8149272,7.095892018,15.05306548,0.00922190758977047,0.00201195617835507
"113","WHI-H-2","10/09/2024","NY1660321261","Heather",409,0,90,0,10,0,0,0,5,0,0,0,0,0,0,0,54.579649,-3.2917774,"Whiteside",3,0.501046913759097,0.253968253968254,0.456072555283844,44.2757902,3.97,2.05978506653499,0.0721427526234937,140.7527686,8.61222774,16.34336351,0.0105554616843228,0.00265146867936266
"114","WHI-H-3","10/09/2024","NY1665821311","Heather",422,0,95,0,10,0,0,0,5,0,0,0,0,0,0,0,54.580108,-3.2909409,"Whiteside",3,0.48510450039094,0.243801652892562,0.441561145269048,76.58212847,3.77,3.6113647520864,0.067206676485027,226.7950286,8.254965375,27.47377103,0.0114307138083697,0.00280709862907556
"115","WHI-H-4","10/09/2024","NY1668821348","Heather",434,0,100,0,2,0,0,0,4,0,0,0,0,0,0,0,54.580445,-3.2904874,"Whiteside",3,0.253547675202552,0.108223567105732,0.230789039789404,77.67455069,4.38,1.60599301929344,0.0411765485067954,134.6091782,5.848881478,23.01451632,0.0103363677695539,0.00347967918868525
"116","WHI-H-5","10/09/2024","NY1672921372","Heather",439,0,95,0,5,0,0,0,5,0,4,0,0,0,0,0,54.580667,-3.28986,"Whiteside",4,0.523844567817474,0.23482871812137,0.377873980093446,59.92963253,3.87,2.33613036253929,0.0505899615702313,168.1339201,6.848579543,24.5501887,0.0102578591905176,0.00272301171256358
"117","WHI-H-6","10/09/2024","NY1679821411","Heather",453,0,80,0,8,0,0,0,15,0,5,0,0,0,0,0,54.581029,-3.2888038,"Whiteside",4,0.831523767068175,0.424382716049383,0.599817607565283,63.72292389,3.91,2.22147373098754,0.0578941698648676,179.0709357,7.628446984,23.47410109,0.0106580192565924,0.00351205008251613
"118","WHI-H-7","11/09/2024","NY1673821445","Heather",445,0,90,0,6,0,0,0,5,0,10,0,0,0,0,0,54.581325,-3.2897416,"Whiteside",4,0.684246709085279,0.329518707897086,0.493579666970962,63.73531036,4.17,1.9040757106686,0.070503638229835,175.4948455,8.412787171,20.86048796,0.0104440581267963,0.00279198148543728
"119","WHI-H-8","11/09/2024","NY1678321435","Heather",452,0,100,0,4,0,0,0,3,0,0,0,1,0,0,0,54.581242,-3.2890427,"Whiteside",4,0.336223515001136,0.140432098765432,0.242533998861198,43.21558631,4.04,1.54379244984994,0.0457504080467146,119.7462437,7.203335267,16.6237221,0.0106094028733212,0.00342115360020463
"120","WHI-H-9","11/09/2024","NY1680621477","Heather",472,0,100,0,1,0,0,0,25,0,4,0,0,0,0,0,54.581624,-3.2886988,"Whiteside",4,0.663426053032554,0.370295857988166,0.478560738353302,63.29709387,3.95,2.28827203677793,0.050967752698381,170.7216012,7.333965543,23.27821152,0.0101833055260842,0.00306379373221613
