"","Sample ID","Date Sampled","OS Conference","Vegetation","Elevation (m)","Pteridium aquilinium","Calluna vulgaris","Vaccinium vitis-idaea","Vaccinium mytrilus","Grass","Empetrum nigrum","Cladonia arbuscula","Moss","Galium saxatile","Erica cinaerea","Oxalis stricta","Fern","Tormentil","Thistle","Unknown3","LatitudeN","LongitudeE","Site","Veg. richness","Veg. shannon","Veg. simpson","Veg. evenness","Soil Moisture (% fresh soil mass)","pH","NPOC (mg C g-1)","TNb (mg N g-1)","Drift Corr C (g per kg)","Drift Corr N (g per kg)","CN ratio","alpha","SUVA (L mg-1 cm-1)","Mesostigmata","Oribatida","Astigmatina","Prostigmata","Symphypleona","Entomobryomorpha","Poduromorpha","Neelidae","Araneae","Enchytraeidae","Thysanoptera","Diptera","Stigmus","Chilopoda","Diplopoda","Staphylinidae","Tingidae","Lasius flavus","Coleoptera","Diplura","Parasitoid Wasp","Pseudoscorpiones","Oniscidea","Unknown","Total Mesofauna Catch","Total Invertebrate Catch","Percentage Mites","Percentage Collembola","Percentage Other","CoreVolume","1000s Individuals per m2 to 10 cm depth","Dry soil mass (g)","Individuals per 100g dry soil","Mesostigmata per 100 g dry soil mass","Oribatida per 100 g dry soil mass","Astigmatina per 100 g dry soil mass","Prostigmata per 100 g dry soil mass","Entomobryomorpha per 100 g dry soil mass","Poduromorpha per 100 g dry soil mass","Symphypleona per 100 g dry soil mass","Neelidae per 100 g dry soil mass","Groundfrost days","Relative humidity (%)","Total rainfall (mm)","Partial pressure of water vapour (hPa)","Snow lying days"
"1","BHM-B-1","15/08/2024","SE2075865137","Bracken",290,50,0,0,0,50,0,0,0,0,0,0,0,0,0,0,54.081737,-1.6842036,"Brimham Moor",2,0.693147181,0.5,1,29.66299633,3.7,0.471030999,0.048948146,68.51454482,3.459881357,19.80257059,0.008999858,0.031583472,14,335,180,36,0,4,3,0,0,3,0,0,0,0,0,0,0,0,0,0,0,0,0,0,572,575,98.26086957,1.217391304,0.52173913,0.00019635,291.3172078,135.6,421.8289086,10.32448378,247.0501475,132.7433628,26.54867257,2.949852507,2.212389381,0,0,91.36363754,81.92375879,1226.885674,9.957882069,10.54286697
"2","BHM-B-10","16/08/2024","SE2140564575","Bracken",242,100,0,0,0,1,0,0,0,0,0,0,0,0,0,0,54.07666,-1.6743538,"Brimham Moor",2,0.055546075,0.019605921,0.080136047,47.16272908,3.58,1.013510895,0.060597849,151.1704644,6.630393636,22.79962136,0.009249296,0.010237498,24,127,142,40,0,14,6,0,0,0,0,0,0,0,1,1,0,0,0,0,0,0,0,0,353,355,93.8028169,5.633802817,0.563380282,0.00019635,179.7814237,53.4,661.0486891,44.94382022,237.8277154,265.917603,74.90636704,26.21722846,11.23595506,0,0,91.36363754,81.92375879,1226.885674,9.957882069,10.54286697
"3","BHM-B-2","15/08/2024","SE2074165210","Bracken",292,80,0,0,5,15,0,0,0,0,0,0,0,0,0,0,54.082394,-1.6844585,"Brimham Moor",3,0.612869452,0.335,0.557857816,47.03592534,3.42,2.18336853,0.123973711,349.7979506,16.79043328,20.83316998,0.01173885,0.004253034,36,207,92,61,0,21,9,2,0,2,0,1,0,0,0,0,0,0,0,0,0,0,0,8,428,439,90.20501139,7.28929385,2.505694761,0.00019635,217.9786101,70.7,605.3748232,50.91937765,292.7864215,130.1272984,86.28005658,29.7029703,12.72984441,0,2.828854314,91.36363754,81.92375879,1226.885674,9.957882069,10.54286697
"4","BHM-B-3","15/08/2024","SE2087365098","Bracken",290,95,0,0,5,0,0,0,0,0,0,0,0,0,0,0,54.081382,-1.6824485,"Brimham Moor",2,0.198515243,0.095,0.286396957,18.58066391,3.62,0.851788972,0.044945672,73.69843218,3.333704651,22.10706703,0.006352885,0.022669361,3,95,15,5,0,0,0,0,0,2,0,0,0,0,0,0,0,0,0,0,0,0,0,0,118,120,98.33333333,0,1.666666667,0.00019635,60.09690651,184.2,64.06080347,1.628664495,51.57437568,8.143322476,2.714440825,0,0,0,0,91.36363754,81.92375879,1226.885674,9.957882069,10.54286697
"5","BHM-B-4","15/08/2024","SE2097365078","Bracken",286,90,0,0,0,10,0,0,0,0,0,0,0,0,0,0,54.081198,-1.6809214,"Brimham Moor",2,0.325082973,0.18,0.468995594,11.78499058,3.79,0.66744709,0.042131044,86.18572177,3.379429357,25.50303991,0.008095223,0.006818612,2,27,4,7,0,0,1,1,0,0,0,0,0,0,0,0,0,0,0,0,0,0,0,1,42,43,93.02325581,4.651162791,2.325581395,0.00019635,21.39042435,196.2,21.40672783,1.019367992,13.76146789,2.038735984,3.567787971,0,0.509683996,0,0.509683996,91.36363754,81.92375879,1226.885674,9.957882069,10.54286697
"6","BHM-B-5","15/08/2024","SE2093665022","Bracken",283,100,0,0,0,0,0,0,0,0,0,0,0,0,0,0,54.080697,-1.6814908,"Brimham Moor",1,0,0,NA,60.06018917,3.19,1.847909161,0.103536811,417.2342584,15.62580535,26.70161627,0.01137504,0.003247365,9,144,48,25,0,11,2,0,0,4,0,0,0,1,1,0,0,0,0,0,0,0,0,1,239,246,91.8699187,5.284552846,2.845528455,0.00019635,121.7217005,52.1,458.7332054,17.27447217,276.3915547,92.13051823,47.98464491,21.11324376,3.838771593,0,0,91.36363754,81.92375879,1226.885674,9.957882069,10.54286697
"7","BHM-B-6","16/08/2024","SE2096564461","Bracken",259,66,0,0,14,20,0,0,0,0,0,0,0,0,0,0,54.075653,-1.6810862,"Brimham Moor",3,0.871383575,0.5048,0.793167512,20.9760844,3.75,0.886323368,0.051647591,137.029667,5.561522277,24.63887766,0.008920848,0.010546814,16,189,37,26,1,10,0,0,0,1,0,0,0,1,2,0,1,0,0,0,0,0,0,0,279,284,94.36619718,3.873239437,1.76056338,0.00019635,142.0935332,147.5,189.1525424,10.84745763,128.1355932,25.08474576,17.62711864,6.779661017,0,0.677966102,0,91.36363754,81.92375879,1226.885674,9.957882069,10.54286697
"8","BHM-B-7","16/08/2024","SE2105964478","Bracken",257,84,15,0,1,0,0,0,10,0,0,0,0,0,0,0,54.075802,-1.6796484,"Brimham Moor",4,0.738342047,0.389917355,0.532601205,18.33817929,4.4,0.983916135,0.041536338,114.4859724,4.612844657,24.81895249,0.010369638,0.009878376,32,261,469,23,0,16,6,1,0,2,0,0,0,0,1,0,0,0,0,1,0,0,0,4,808,816,96.20098039,2.818627451,0.980392157,0.00019635,411.5110209,111.3,725.965858,28.75112309,234.5013477,421.3836478,20.66486972,14.37556155,5.39083558,0,0.898472597,91.36363754,81.92375879,1226.885674,9.957882069,10.54286697
"9","BHM-B-8","16/08/2024","SE2111664494","Bracken",251,50,0,0,50,0,0,0,15,0,0,0,0,0,0,0,54.075944,-1.6787762,"Brimham Moor",3,0.989949054,0.604914934,0.901090461,51.92493516,3.73,0.468789195,0.024561017,108.8858511,4.652857066,23.40193338,0.007643552,0.010385276,9,196,66,19,1,8,6,1,0,4,0,0,0,0,1,0,0,0,0,2,0,0,0,1,306,314,92.3566879,5.095541401,2.547770701,0.00019635,155.8445203,145.9,209.7326936,6.168608636,134.3385881,45.23646333,13.02261823,5.483207676,4.112405757,0.68540096,0.68540096,91.36363754,81.92375879,1226.885674,9.957882069,10.54286697
"10","BHM-B-9","16/08/2024","SE2131764512","Bracken",236,82,0,0,18,1,0,0,5,0,0,0,0,0,0,0,54.076097,-1.6757031,"Brimham Moor",4,0.687732873,0.370416518,0.496094402,51.54725984,3.65,1.455014056,0.048639979,107.6567404,5.146114075,20.9200066,0.008250161,0.011926006,23,283,134,30,0,4,8,0,0,7,0,0,0,0,0,0,0,0,0,3,0,0,0,5,482,497,94.56740443,2.414486922,3.018108652,0.00019635,245.4805842,141.7,340.1552576,16.23147495,199.7177135,94.56598447,21.17148906,2.822865208,5.645730416,0,0,91.36363754,81.92375879,1226.885674,9.957882069,10.54286697
"11","BHM-H-1","15/08/2024","SE2078065239","Heather",290,0,82,0,7,0,0,0,11,0,0,0,0,0,0,0,54.082653,-1.6838604,"Brimham Moor",3,0.591678213,0.3106,0.538568719,54.98632443,3.73,0.650415795,0.033209408,99.86229217,3.668606921,27.22076644,0.00854983,0.016741934,23,108,30,15,3,2,31,4,0,3,0,0,0,0,0,0,0,0,0,0,1,0,1,1,216,222,79.27927928,18.01801802,2.702702703,0.00019635,110.0078967,117.1,184.4577284,19.64133219,92.22886422,25.61912895,12.80956447,1.70794193,26.47309991,2.561912895,3.41588386,91.36363754,81.92375879,1226.885674,9.957882069,10.54286697
"12","BHM-H-10","16/08/2024","SE2155564571","Heather",238,0,100,0,5,0,0,0,17,0,0,0,0,0,0,0,54.076618,-1.6720616,"Brimham Moor",3,0.568538791,0.307041118,0.517506309,42.48570468,3.67,0.569430637,0.035520096,63.29432568,2.333077653,27.12911231,0.008397015,0.016683492,15,89,34,34,0,9,15,2,0,4,0,0,0,1,0,0,0,0,0,5,0,0,0,1,198,209,82.29665072,12.44019139,5.263157895,0.00019635,100.8405719,145.9,135.70939,10.28101439,61.0006854,23.30363263,23.30363263,6.168608636,10.28101439,0,1.370801919,91.36363754,81.92375879,1226.885674,9.957882069,10.54286697
"13","BHM-H-2","15/08/2024","SE2082765240","Heather",292,0,95,0,0,0,0,0,5,0,0,0,0,0,0,0,54.08266,-1.6831419,"Brimham Moor",2,0.198515243,0.095,0.286396957,46.1894699,3.52,2.93128785,0.101588808,341.8480411,11.40535537,29.97259007,0.010244769,0.00430455,5,114,33,29,0,3,3,0,0,1,0,0,0,0,0,1,1,0,0,0,0,0,0,0,187,190,95.26315789,3.157894737,1.578947368,0.00019635,95.23831795,40.9,457.2127139,12.22493888,278.7286064,80.68459658,70.90464548,7.334963325,7.334963325,0,0,91.36363754,81.92375879,1226.885674,9.957882069,10.54286697
"14","BHM-H-3","15/08/2024","SE2086365190","Heather",292,0,100,0,0,0,0,0,9,0,0,0,0,0,0,0,54.082209,-1.6825951,"Brimham Moor",2,0.284998893,0.151502399,0.41116649,60.8440067,3.76,0.944127512,0.04188951,96.13765385,3.27270465,29.37559729,0.008225761,0.010196517,0,56,8,0,0,1,0,0,0,9,0,0,0,0,0,0,0,0,0,0,0,0,0,0,65,74,86.48648649,1.351351351,12.16216216,0.00019635,33.10422816,145.3,44.73503097,0,38.54094976,5.505849966,0,0.688231246,0,0,0,91.36363754,81.92375879,1226.885674,9.957882069,10.54286697
"15","BHM-H-4","15/08/2024","SE2093165061","Heather",286,0,93,0,0,2,0,0,5,0,0,0,0,0,0,0,54.081047,-1.6815645,"Brimham Moor",3,0.295517818,0.1322,0.26899191,13.845352,3.85,0.949541409,0.016406844,58.37376725,2.726503555,21.40975285,0.007116501,0.005438665,13,136,64,129,1,13,16,2,0,9,0,0,0,0,0,0,0,0,0,0,0,1,0,6,374,390,87.69230769,8.205128205,4.102564103,0.00019635,190.4766359,219.4,170.4649043,5.925250684,61.98723792,29.1704649,58.79671832,5.925250684,7.292616226,0.455788514,0.911577028,91.36363754,81.92375879,1226.885674,9.957882069,10.54286697
"16","BHM-H-5","15/08/2024","SE2103665103","Heather",288,0,95,0,0,0,0,0,5,0,0,0,0,0,0,0,54.081421,-1.6799567,"Brimham Moor",2,0.198515243,0.095,0.286396957,40.97701435,3.69,1.281313994,0.046770627,119.4158217,3.81285878,31.31923541,0.008662551,0.006916184,6,172,56,26,0,9,3,0,0,3,0,0,0,1,0,0,1,0,0,0,0,0,0,0,272,277,93.86281588,4.332129964,1.805054152,0.00019635,138.5284625,144.4,188.365651,4.155124654,119.1135734,38.78116343,18.00554017,6.232686981,2.077562327,0,0,91.36363754,81.92375879,1226.885674,9.957882069,10.54286697
"17","BHM-H-6","15/08/2024","SE2108065157","Heather",294,0,100,0,0,5,0,0,0,0,0,0,0,0,0,0,54.081904,-1.6792805,"Brimham Moor",2,0.191444082,0.090702948,0.276195428,33.44042939,3.9,0.398456572,0.022441911,53.57779165,1.78147387,30.07498036,0.007300691,0.013785159,4,118,44,17,1,5,4,0,0,5,0,0,0,0,0,0,0,0,0,1,0,0,0,1,193,200,91.5,5,3.5,0.00019635,98.29409285,225.7,85.51174125,1.772264067,52.28178999,19.49490474,7.532122286,2.215330084,1.772264067,0.443066017,0,91.36363754,81.92375879,1226.885674,9.957882069,10.54286697
"18","BHM-H-7","15/08/2024","SE2120765261","Heather",293,0,100,0,3,0,0,0,15,0,0,0,0,0,0,0,54.082834,-1.677332,"Brimham Moor",3,0.495823536,0.265010055,0.451318032,18.31244387,3.83,0.569689639,0.015947538,71.66517988,2.21427624,32.36505843,0.007467461,0.005866738,3,89,35,37,0,2,6,0,1,0,0,0,0,0,0,0,0,0,0,0,0,0,0,0,172,173,94.79768786,4.624277457,0.578034682,0.00019635,87.59888068,177.5,96.90140845,1.690140845,50.14084507,19.71830986,20.84507042,1.126760563,3.38028169,0,0,91.36363754,81.92375879,1226.885674,9.957882069,10.54286697
"19","BHM-H-8","15/08/2024","SE2112465141","Heather",294,0,100,0,2,0,0,0,9,0,0,0,0,0,0,0,54.081758,-1.678609,"Brimham Moor",3,0.370085749,0.181478776,0.336866566,14.32457269,3.85,1.189476451,0.01665311,81.79568161,2.521271889,32.44222964,0.00755542,0.002831207,7,117,24,40,1,13,18,4,0,0,0,0,0,0,1,0,0,0,0,0,0,0,0,3,224,228,82.45614035,15.78947368,1.754385965,0.00019635,114.0822632,97.5,229.7435897,7.179487179,120,24.61538462,41.02564103,13.33333333,18.46153846,1.025641026,4.102564103,91.36363754,81.92375879,1226.885674,9.957882069,10.54286697
"20","BHM-H-9","16/08/2024","SE2149964607","Heather",248,0,100,0,1,0,0,0,10,0,0,0,0,0,0,0,54.076944,-1.6729149,"Brimham Moor",3,0.353288133,0.18018018,0.321576717,27.41691843,3.63,1.18873864,0.069382165,156.9135268,5.558455617,28.22969861,0.009253313,0.009779858,18,160,55,62,0,24,11,0,0,10,0,0,0,0,0,2,0,0,0,5,0,0,0,3,330,350,84.28571429,10,5.714285714,0.00019635,168.0676199,97.8,337.4233129,18.40490798,163.599182,56.23721881,63.39468303,24.5398773,11.24744376,0,0,91.36363754,81.92375879,1226.885674,9.957882069,10.54286697
"21","BRI-B-1","08/08/2024","SE8735791881","Bracken",223,100,0,0,3,0,0,0,0,0,0,0,0,0,0,0,54.315055,-0.65865718,"Bridestones",2,0.131691557,0.056555755,0.189990756,62.35822163,3.61,1.665586699,0.057734292,420.2242821,13.08471587,32.1156597,0.010595871,0.003549769,8,170,41,38,0,5,1,0,0,0,0,0,0,0,0,0,0,0,0,0,0,0,0,0,263,263,97.71863118,2.281368821,0,0.00019635,133.9448001,70.2,374.6438746,11.3960114,242.1652422,58.4045584,54.13105413,7.122507123,1.424501425,0,0,104.8961337,83.46839654,1138.978342,9.933258596,9.62469716
"22","BRI-B-10","09/08/2024","SE8757691147","Bracken",214,100,0,0,13,0,0,0,0,0,0,0,0,0,0,0,54.308423,-0.65550673,"Bridestones",2,0.356933303,0.203618138,0.514945907,43.14247156,3.43,3.022593314,0.115228008,470.4706761,18.46374961,25.48077644,0.010514867,0.002766864,1,65,6,10,0,0,3,0,0,0,0,0,0,0,0,0,0,0,0,0,0,0,0,0,85,85,96.47058824,3.529411765,0,0.00019635,43.29014452,169.5,50.14749263,0.589970501,38.3480826,3.539823009,5.899705015,0,1.769911504,0,0,104.8961337,83.46839654,1138.978342,9.933258596,9.62469716
"23","BRI-B-2","08/08/2024","SE8732591889","Bracken",216,100,0,0,14,0,0,0,0,0,0,0,0,0,0,0,54.315132,-0.6591466,"Bridestones",2,0.372480718,0.215450908,0.537376085,71.46194927,3.67,0.872829242,0.028190156,117.3510537,4.304222275,27.26417137,0.006245007,0.022043149,22,216,94,22,1,5,53,1,0,0,0,0,0,0,0,4,0,0,0,0,0,0,0,3,414,421,84.08551069,14.25178147,1.662707838,0.00019635,210.8484686,110.9,373.3092876,19.83769161,194.7700631,84.76104599,19.83769161,4.508566276,47.79080252,0.901713255,0.901713255,104.8961337,83.46839654,1138.978342,9.933258596,9.62469716
"24","BRI-B-3","08/08/2024","SE8735691888","Bracken",222,100,0,0,0,0,0,0,0,0,0,0,0,0,0,0,54.315118,-0.6586705,"Bridestones",1,0,0,NA,48.20923405,3.54,0.974811145,0.029152165,137.7837031,4.996653715,27.57519551,0.010855326,0.006349625,11,112,75,43,0,0,0,0,0,1,0,0,0,1,0,1,0,0,0,0,0,0,0,1,241,245,98.36734694,0,1.632653061,0.00019635,122.7402921,107.4,224.3947858,10.24208566,104.283054,69.83240223,40.03724395,0,0,0,0,104.8961337,83.46839654,1138.978342,9.933258596,9.62469716
"25","BRI-B-4","08/08/2024","SE8747691350","Bracken",209,100,0,0,5,0,0,0,0,0,0,0,0,0,0,0,54.310264,-0.65698383,"Bridestones",2,0.191444082,0.090702948,0.276195428,59.9806462,3.5,1.32837253,0.052587791,314.2758674,11.40700308,27.55113374,0.010661032,0.004529386,13,122,86,72,0,18,7,0,0,3,0,0,0,0,0,1,0,0,0,0,0,0,0,1,318,323,90.7120743,7.73993808,1.547987616,0.00019635,161.9560701,63.6,500,20.44025157,191.8238994,135.2201258,113.2075472,28.30188679,11.00628931,0,0,104.8961337,83.46839654,1138.978342,9.933258596,9.62469716
"26","BRI-B-5","08/08/2024","SE8746991270","Bracken",216,100,0,0,0,0,0,0,0,0,0,0,0,0,0,0,54.309546,-0.65711478,"Bridestones",1,0,0,NA,56.57451857,3.36,1.110048655,0.027961474,259.9674722,9.585417859,27.1211413,0.00927383,0.005349172,6,73,52,20,0,38,3,0,0,1,0,1,0,0,0,0,0,0,0,0,0,0,0,0,192,194,77.83505155,21.13402062,1.030927835,0.00019635,97.78479704,57.7,332.7556326,10.39861352,126.5164645,90.12131716,34.66204506,65.85788562,5.199306759,0,0,104.8961337,83.46839654,1138.978342,9.933258596,9.62469716
"27","BRI-B-6","08/08/2024","SE8738690886","Bracken",203,100,0,0,0,5,0,0,0,0,0,0,0,0,0,0,54.30611,-0.65850229,"Bridestones",2,0.191444082,0.090702948,0.276195428,42.07809559,3.41,0.492383548,0.009777007,120.3853079,3.58346286,33.59468553,0.008093399,0.006310196,9,102,70,19,0,13,3,1,0,0,0,1,0,0,0,0,0,0,0,0,0,0,0,0,217,218,91.74311927,7.798165138,0.458715596,0.00019635,110.5171925,102,212.745098,8.823529412,100,68.62745098,18.62745098,12.74509804,2.941176471,0,0.980392157,104.8961337,83.46839654,1138.978342,9.933258596,9.62469716
"28","BRI-B-7","09/08/2024","SE8758790880","Bracken",205,100,0,0,11,0,0,0,0,0,0,0,0,0,0,0,54.306022,-0.6554159,"Bridestones",2,0.323098971,0.178556935,0.466133283,41.57762414,3.32,1.299731902,0.042882361,258.4895152,9.296925444,27.80376338,0.010109511,0.003326793,8,227,31,10,2,16,3,1,1,0,0,0,0,0,0,0,0,0,0,0,0,0,0,0,298,299,92.30769231,7.357859532,0.334448161,0.00019635,151.7701537,36.7,811.9891008,21.79836512,618.5286104,84.46866485,27.2479564,43.59673025,8.174386921,5.449591281,2.72479564,104.8961337,83.46839654,1138.978342,9.933258596,9.62469716
"29","BRI-B-8","09/08/2024","SE8754990914","Bracken",205,100,0,0,0,0,0,0,0,0,0,0,0,0,0,0,54.306334,-0.65598978,"Bridestones",1,0,0,NA,76.1125105,3.56,0.854062602,0.030231072,84.39867356,3.437337569,24.55350162,0.009653029,0.010511389,8,34,8,5,0,10,0,1,0,0,0,1,0,1,0,0,0,0,0,1,0,0,0,1,66,70,78.57142857,15.71428571,5.714285714,0.00019635,33.61352398,34.7,190.2017291,23.05475504,97.98270893,23.05475504,14.4092219,28.8184438,0,0,2.88184438,104.8961337,83.46839654,1138.978342,9.933258596,9.62469716
"30","BRI-B-9","09/08/2024","SE8763491008","Bracken",211,100,0,0,0,7,0,0,0,0,0,0,0,0,0,0,54.307164,-0.6546563,"Bridestones",2,0.241628931,0.122281422,0.348596861,61.36088099,3.2,2.766798176,0.121581677,476.013288,19.98494525,23.81859355,0.010168113,0.004990782,17,107,73,20,1,8,10,3,0,0,0,0,0,0,0,0,0,0,0,0,0,0,0,0,239,239,90.79497908,9.205020921,0,0.00019635,121.7217005,78.9,302.9150824,21.54626109,135.6147022,92.52217997,25.34854246,10.13941698,12.67427123,1.267427123,3.802281369,104.8961337,83.46839654,1138.978342,9.933258596,9.62469716
"31","BRI-H-1","08/08/2024","SE8746591982","Heather",219,0,100,13,13,0,0,0,0,0,0,0,0,0,0,0,54.315944,-0.65696797,"Bridestones",3,0.65210967,0.34882842,0.593575801,69.53383459,3.62,1.672440721,0.048646445,117.1471187,4.845397823,24.1769867,0.009721612,0.009781839,93,187,77,39,0,0,24,4,0,9,0,2,0,0,0,0,0,0,0,0,0,0,0,0,424,435,91.03448276,6.436781609,2.528735632,0.00019635,215.9414268,108.2,391.8669131,85.95194085,172.8280961,71.16451017,36.04436229,0,22.18114603,0,3.696857671,104.8961337,83.46839654,1138.978342,9.933258596,9.62469716
"32","BRI-H-10","09/08/2024","SE8760191126","Heather",213,0,100,0,3,0,2,0,0,0,0,0,0,0,0,0,54.30823,-0.65512876,"Bridestones",3,0.223492257,0.091791383,0.203431419,60.93725511,3.41,0.497976844,0.01017813,96.87686214,2.609020594,37.13150535,0.007350698,0.007394008,7,83,76,7,3,2,0,0,0,0,0,0,0,0,0,0,0,0,0,0,0,0,0,1,178,179,96.64804469,2.793296089,0.558659218,0.00019635,90.65465559,94.1,189.1604676,7.438894793,88.20403826,80.76514346,7.438894793,2.125398512,0,3.188097768,0,104.8961337,83.46839654,1138.978342,9.933258596,9.62469716
"33","BRI-H-2","08/08/2024","SE8745891955","Heather",227,0,100,0,10,0,0,0,0,0,0,0,0,0,0,0,54.315703,-0.65708344,"Bridestones",2,0.304636097,0.165289256,0.439496987,76.10763652,3.59,0.951480317,0.014498412,130.7022213,3.890757536,33.59300087,0.007760608,0.006077091,11,258,72,18,2,10,21,0,0,10,0,0,0,0,1,1,0,0,0,0,0,0,0,3,392,407,88.20638821,8.108108108,3.685503686,0.00019635,199.6439606,154.2,254.2153048,7.133592737,167.3151751,46.692607,11.67315175,6.485084306,13.61867704,1.297016861,0,104.8961337,83.46839654,1138.978342,9.933258596,9.62469716
"34","BRI-H-3","08/08/2024","SE8732191761","Heather",222,0,100,0,1,0,0,0,0,0,0,0,0,0,0,0,54.313983,-0.65924545,"Bridestones",2,0.055546075,0.019605921,0.080136047,83.36646033,3.39,4.637597969,0.114315414,453.9644848,13.93800848,32.5702546,0.008817941,0.005980434,10,283,45,20,0,10,7,4,0,0,0,0,0,0,0,0,0,0,0,2,0,0,0,8,379,389,92.03084833,5.398457584,2.570694087,0.00019635,193.023115,38.4,986.9791667,26.04166667,736.9791667,117.1875,52.08333333,26.04166667,18.22916667,0,10.41666667,104.8961337,83.46839654,1138.978342,9.933258596,9.62469716
"35","BRI-H-4","08/08/2024","SE8739491764","Heather",224,0,100,0,1,0,0,0,0,0,0,0,0,0,0,0,54.313997,-0.65812279,"Bridestones",2,0.055546075,0.019605921,0.080136047,17.81020934,3.72,0.504854693,0.008213967,32.22865981,0.966343129,33.35115534,0.007178425,0.006419486,13,147,73,17,0,7,6,2,0,6,0,0,0,0,0,0,0,0,0,0,0,0,0,0,265,271,92.25092251,5.535055351,2.21402214,0.00019635,134.9633917,237.4,111.6259478,5.47598989,61.92080876,30.74978939,7.160909857,2.948609941,2.527379949,0,0.842459983,104.8961337,83.46839654,1138.978342,9.933258596,9.62469716
"36","BRI-H-5","08/08/2024","SE8762591582","Heather",222,0,100,0,0,0,0,0,0,0,0,0,0,0,0,0,54.312323,-0.65462639,"Bridestones",1,0,0,NA,55.54595218,3.8,0.275291161,0.002491102,47.55003172,1.032556733,46.05076913,0.006017878,0.013875905,43,155,64,35,8,2,141,2,0,2,0,0,0,0,0,0,0,0,0,0,0,0,0,1,450,453,65.56291391,33.77483444,0.662251656,0.00019635,229.1831181,273.2,164.7144949,15.73938507,56.73499268,23.42606149,12.81112738,0.732064422,51.61054173,2.928257687,0.732064422,104.8961337,83.46839654,1138.978342,9.933258596,9.62469716
"37","BRI-H-6","09/08/2024","SE8763390838","Heather",202,0,100,0,17,0,0,0,0,0,0,0,0,0,0,0,54.305637,-0.65472147,"Bridestones",2,0.414467563,0.248374607,0.597950298,28.17572978,3.66,0.663648426,0.01181679,47.52143912,1.586637754,29.95103262,0.008254871,0.028015183,37,184,87,42,0,7,40,5,0,3,0,0,0,0,0,0,0,0,0,1,0,0,2,6,402,414,84.5410628,12.56038647,2.898550725,0.00019635,204.7369188,147.1,273.2834806,25.15295717,125.0849762,59.14343984,28.55200544,4.758667573,27.19238613,0,3.399048266,104.8961337,83.46839654,1138.978342,9.933258596,9.62469716
"38","BRI-H-7","09/08/2024","SE8754090982","Heather",207,0,100,0,7,0,4,0,0,0,0,0,0,0,0,0,54.306946,-0.65610815,"Bridestones",3,0.388056624,0.183102021,0.353224361,58.76196932,3.41,1.022531133,0.02532916,166.2612294,4.811788002,34.55289995,0.008937324,0.007090355,6,141,48,17,0,10,11,0,0,7,0,0,0,1,0,0,0,0,0,0,0,0,0,0,233,241,87.96680498,8.713692946,3.319502075,0.00019635,118.6659256,100.1,232.7672328,5.994005994,140.8591409,47.95204795,16.98301698,9.99000999,10.98901099,0,0,104.8961337,83.46839654,1138.978342,9.933258596,9.62469716
"39","BRI-H-8","09/08/2024","SE8756991009","Heather",214,0,100,0,0,1,0,0,0,0,0,0,0,0,0,0,54.307184,-0.65565468,"Bridestones",2,0.055546075,0.019605921,0.080136047,72.99653455,3.48,3.556083346,0.087763404,447.9124575,15.8127916,28.32595716,0.00927965,0.003460216,9,452,212,53,0,7,11,2,0,15,0,1,0,0,0,0,0,0,0,6,0,0,0,1,746,769,94.4083225,2.600780234,2.990897269,0.00019635,379.9346801,42,1776.190476,21.42857143,1076.190476,504.7619048,126.1904762,16.66666667,26.19047619,0,4.761904762,104.8961337,83.46839654,1138.978342,9.933258596,9.62469716
"40","BRI-H-9","09/08/2024","SE8762991075","Heather",214,0,100,0,0,0,0,7,0,0,0,0,0,0,0,0,54.307767,-0.65471349,"Bridestones",2,0.241628931,0.122281422,0.348596861,76.75499308,3.51,3.705551882,0.127933816,437.6146398,13.92683025,31.422415,0.009293203,0.002997221,20,248,142,32,1,21,29,6,1,1,0,0,0,0,0,0,0,0,0,0,0,0,0,1,499,502,88.04780876,11.35458167,0.597609562,0.00019635,254.1386131,65.1,766.5130568,30.72196621,380.952381,218.1259601,49.15514593,32.25806452,44.546851,1.53609831,9.216589862,104.8961337,83.46839654,1138.978342,9.933258596,9.62469716
"41","HAW-B-1","12/09/2024","NY5004114814","Bracken",411,95,0,0,0,5,0,0,3,0,0,0,0,0,0,0,54.526133,-2.7734196,"Haweswater",3,0.324424802,0.146102366,0.295304181,52.02099107,3.83,1.539650524,0.090458343,150.0911986,10.12984229,14.81673597,0.011279697,0.003555332,22,140,15,18,2,4,6,8,2,1,1,0,0,0,0,0,0,0,0,0,0,0,0,0,215,219,89.04109589,9.132420091,1.826484018,0.00019635,109.4986008,82.8,259.6618357,26.57004831,169.0821256,18.11594203,21.73913043,4.830917874,7.246376812,2.415458937,9.661835749,95.36178724,84.01731198,2431.898635,9.635419518,12.44252172
"42","HAW-B-10","13/09/2024","NY5046415155","Bracken",389,82,0,0,0,35,0,0,3,1,0,0,0,0,0,0,54.529239,-2.766942,"Haweswater",4,0.753774039,0.456389591,0.543733034,45.51809963,3.87,1.808572024,0.092985261,137.2569955,9.880319508,13.8919592,0.011682742,0.004305291,10,152,65,51,0,10,1,5,1,2,0,2,0,0,0,0,0,0,0,0,0,0,0,1,294,300,92.66666667,5.333333333,2,0.00019635,149.7329705,123,239.0243902,8.130081301,123.5772358,52.84552846,41.46341463,8.130081301,0.81300813,0,4.06504065,95.36178724,84.01731198,2431.898635,9.635419518,12.44252172
"43","HAW-B-2","12/09/2024","NY4979114902","Bracken",414,90,0,0,0,0,0,0,40,0,0,0,0,0,0,0,54.526899,-2.7772969,"Haweswater",2,0.61724177,0.426035503,0.89049164,51.87722353,3.54,1.565084507,0.103144174,224.6121268,13.06716884,17.18904298,0.011122209,0.005636914,24,257,31,27,2,46,56,5,1,4,0,0,1,0,0,0,0,1,0,0,0,0,0,0,448,455,74.50549451,23.95604396,1.538461538,0.00019635,228.1645264,58.3,768.4391081,41.16638079,440.8233276,53.17324185,46.31217839,78.90222985,96.05488851,3.430531732,8.576329331,95.36178724,84.01731198,2431.898635,9.635419518,12.44252172
"44","HAW-B-3","12/09/2024","NY4981614934","Bracken",415,97,0,0,0,3,0,0,0,0,0,0,0,0,0,0,54.527189,-2.7769161,"Haweswater",2,0.134742168,0.0582,0.194391858,39.42184065,3.7,2.441427113,0.126515211,160.3449896,10.22413464,15.68298885,0.011712125,0.003452311,5,17,10,18,1,2,1,0,0,0,0,3,0,0,0,1,0,0,0,1,0,0,0,2,54,61,81.96721311,6.557377049,11.47540984,0.00019635,27.50197417,111,48.64864865,4.504504505,15.31531532,9.009009009,16.21621622,1.801801802,0.900900901,0.900900901,0,95.36178724,84.01731198,2431.898635,9.635419518,12.44252172
"45","HAW-B-4","12/09/2024","NY4992015017","Bracken",417,92,0,0,6,10,0,0,8,0,0,0,0,0,0,0,54.527946,-2.7753235,"Haweswater",4,0.732758388,0.356123662,0.528573446,63.72614235,3.5,4.063485687,0.270183234,344.0272043,18.81180654,18.28783448,0.013581019,0.002528849,10,139,28,10,0,8,1,4,0,2,0,0,0,1,0,1,0,0,0,0,0,0,0,0,200,204,91.66666667,6.37254902,1.960784314,0.00019635,101.8591636,39.8,502.5125628,25.12562814,349.2462312,70.35175879,25.12562814,20.10050251,2.512562814,0,10.05025126,95.36178724,84.01731198,2431.898635,9.635419518,12.44252172
"46","HAW-B-5","13/09/2024","NY5013514836","Bracken",421,95,0,0,0,1,0,0,9,0,0,0,0,0,0,0,54.52634,-2.7719711,"Haweswater",3,0.345452484,0.173968254,0.314444402,73.88853299,3.47,3.390639307,0.375875774,373.1257864,21.86377451,17.06593645,0.01958846,0.001602259,15,88,40,10,2,14,0,5,4,0,0,1,0,1,0,0,0,0,0,0,1,0,0,0,174,181,84.53038674,11.60220994,3.867403315,0.00019635,88.61747231,54.6,318.6813187,27.47252747,161.1721612,73.26007326,18.31501832,25.64102564,0,3.663003663,9.157509158,95.36178724,84.01731198,2431.898635,9.635419518,12.44252172
"47","HAW-B-6","13/09/2024","NY5021014855","Bracken",412,85,0,0,5,30,0,0,2,4,0,0,0,0,0,0,54.526518,-2.7708156,"Haweswater",5,0.9105681,0.485386747,0.565767771,75.65717141,3.63,2.907608909,0.189635662,232.0190541,12.54485814,18.49515168,0.012312609,0.004079725,13,100,3,10,4,1,7,1,0,0,0,0,0,0,0,0,0,0,0,0,0,0,0,0,139,139,90.64748201,9.352517986,0,0.00019635,70.79211869,105.3,132.0037987,12.34567901,94.96676163,2.849002849,9.496676163,0.949667616,6.647673314,3.798670465,0.949667616,95.36178724,84.01731198,2431.898635,9.635419518,12.44252172
"48","HAW-B-7","13/09/2024","NY5027214990","Bracken",423,90,0,0,0,12,0,0,15,2,0,0,0,0,0,0,54.527738,-2.7698806,"Haweswater",4,0.772326875,0.401666549,0.557116077,69.23484787,3.52,2.442092173,0.229634893,232.1604996,13.85103658,16.76123648,0.012484708,0.003980122,23,154,34,8,6,14,31,2,0,1,0,1,0,0,0,0,0,0,0,0,0,0,0,0,272,274,79.9270073,19.34306569,0.729927007,0.00019635,138.5284625,59.3,458.6846543,38.78583474,259.6964587,57.33558179,13.49072513,23.60876897,52.27655987,10.11804384,3.372681282,95.36178724,84.01731198,2431.898635,9.635419518,12.44252172
"49","HAW-B-8","13/09/2024","NY5027715080","Bracken",410,100,0,0,0,0,0,0,0,0,0,0,0,0,0,0,54.528547,-2.7698185,"Haweswater",1,0,0,NA,60.00079974,3.87,1.568733439,0.083805313,142.0764502,10.70934968,13.26658055,0.011366537,0.003591396,20,125,60,21,1,21,10,3,1,1,0,2,0,0,0,1,0,2,0,0,0,0,0,1,261,269,84.01486989,13.01115242,2.973977695,0.00019635,132.9262085,66.7,391.3043478,29.9850075,187.4062969,89.95502249,31.48425787,31.48425787,14.99250375,1.499250375,4.497751124,95.36178724,84.01731198,2431.898635,9.635419518,12.44252172
"50","HAW-B-9","13/09/2024","NY5035415144","Bracken",388,100,0,0,0,0,0,0,0,0,0,0,0,0,0,0,54.52913,-2.7686397,"Haweswater",1,0,0,NA,77.43243839,3.6,2.746800894,0.137332463,379.8599791,23.52293199,16.14849625,0.011120558,0.003549802,14,28,15,14,0,4,4,1,0,0,0,0,0,0,0,0,0,0,0,0,0,0,0,0,80,80,88.75,11.25,0,0.00019635,40.74366543,32.5,246.1538462,43.07692308,86.15384615,46.15384615,43.07692308,12.30769231,12.30769231,0,3.076923077,95.36178724,84.01731198,2431.898635,9.635419518,12.44252172
"51","HAW-H-1","12/09/2024","NY5001814792","Heather",413,0,100,0,1,3,0,0,0,0,0,0,0,0,0,0,54.525933,-2.7737712,"Haweswater",3,0.184651904,0.074519231,0.168077407,85.6520145,3.82,4.131900263,0.206124285,451.9159788,17.43079275,25.92630096,0.01090062,0.004191519,8,151,25,28,1,30,5,0,0,1,0,2,0,1,0,1,0,0,0,0,0,0,0,1,248,254,83.46456693,14.17322835,2.362204724,0.00019635,126.3053628,39,635.8974359,20.51282051,387.1794872,64.1025641,71.79487179,76.92307692,12.82051282,2.564102564,0,95.36178724,84.01731198,2431.898635,9.635419518,12.44252172
"52","HAW-H-10","13/09/2024","NY5054815124","Heather",389,0,100,0,2,0,0,0,1,0,0,0,0,0,0,0,54.528969,-2.7656389,"Haweswater",3,0.150230804,0.056932793,0.136745971,73.39533043,3.68,4.302466354,0.20061784,434.857876,19.44004207,22.3691839,0.012720786,0.002454258,14,40,68,16,0,29,169,1,0,0,0,1,0,0,0,0,0,0,0,0,0,0,0,1,337,339,40.7079646,58.7020649,0.589970501,0.00019635,171.6326906,36.1,933.5180055,38.78116343,110.8033241,188.365651,44.32132964,80.33240997,468.1440443,0,2.770083102,95.36178724,84.01731198,2431.898635,9.635419518,12.44252172
"53","HAW-H-2","12/09/2024","NY4991314801","Heather",408,0,92,0,0,1,0,0,10,0,0,0,0,0,0,0,54.526004,-2.7753949,"Haweswater",3,0.37229792,0.192666604,0.338880171,86.37885463,3.9,4.834009177,0.143002646,452.0525095,14.18946263,31.85832482,0.011257836,0.006202839,12,50,41,10,0,72,9,0,0,0,0,1,0,0,0,0,0,0,0,0,0,0,0,0,194,195,57.94871795,41.53846154,0.512820513,0.00019635,98.80338867,43.9,441.9134396,27.33485194,113.8952164,93.39407745,22.77904328,164.0091116,20.50113895,0,0,95.36178724,84.01731198,2431.898635,9.635419518,12.44252172
"54","HAW-H-3","12/09/2024","NY4982214789","Heather",409,0,100,0,1,0,0,0,9,0,0,0,0,0,0,0,54.525887,-2.7767987,"Haweswater",3,0.334189095,0.16677686,0.304192023,75.70712136,3.57,3.106357626,0.088258396,343.989193,10.58035485,32.51206579,0.011405503,0.002630807,8,57,40,25,1,31,108,0,0,0,0,0,0,1,0,0,0,0,0,0,0,0,0,0,270,271,47.9704797,51.66051661,0.36900369,0.00019635,137.5098708,66.9,403.5874439,11.95814649,85.20179372,59.79073244,37.36920777,46.33781764,161.4349776,1.494768311,0,95.36178724,84.01731198,2431.898635,9.635419518,12.44252172
"55","HAW-H-4","12/09/2024","NY4974414780","Heather",411,0,100,0,2,4,0,0,0,0,0,0,0,0,0,0,54.525798,-2.7780022,"Haweswater",3,0.253547675,0.108223567,0.23078904,76.71310317,3.83,2.974966818,0.102423782,233.2931509,8.970252677,26.00742246,0.012149091,0.002048024,15,23,50,29,6,220,85,14,1,9,0,0,0,0,0,0,0,0,0,0,0,0,0,0,442,452,25.88495575,71.90265487,2.212389381,0.00019635,225.1087515,71.2,620.7865169,21.06741573,32.30337079,70.2247191,40.73033708,308.988764,119.3820225,8.426966292,19.66292135,95.36178724,84.01731198,2431.898635,9.635419518,12.44252172
"56","HAW-H-5","12/09/2024","NY4975714894","Heather",423,0,90,0,8,2,0,0,0,0,0,0,0,0,0,0,54.526824,-2.7778208,"Haweswater",3,0.375123216,0.1832,0.341451866,75.37051563,3.72,3.193680505,0.139360041,357.8013698,14.64144284,24.43757584,0.012071892,0.003670245,12,25,17,1,2,1,4,1,1,2,0,1,0,0,0,0,0,0,0,0,0,0,0,0,63,67,82.08955224,11.94029851,5.970149254,0.00019635,32.08563653,50.6,124.5059289,23.71541502,49.40711462,33.59683794,1.976284585,1.976284585,7.90513834,3.95256917,1.976284585,95.36178724,84.01731198,2431.898635,9.635419518,12.44252172
"57","HAW-H-6","12/09/2024","NY5007314980","Heather",423,0,96,0,10,0,0,0,12,0,0,0,0,0,0,0,54.527628,-2.7729534,"Haweswater",3,0.609479903,0.320597529,0.554772516,81.60319259,3.67,5.404011556,0.208837738,452.5828709,14.28770205,31.6763934,0.011432039,0.004659059,7,27,63,29,5,358,63,3,0,0,0,0,0,0,0,0,0,0,0,0,0,0,0,1,555,556,22.6618705,77.15827338,0.179856115,0.00019635,282.6591789,37.2,1491.935484,18.8172043,72.58064516,169.3548387,77.95698925,962.3655914,169.3548387,13.44086022,8.064516129,95.36178724,84.01731198,2431.898635,9.635419518,12.44252172
"58","HAW-H-7","13/09/2024","NY5024414947","Heather",421,0,100,0,4,1,0,0,6,0,0,0,0,0,0,0,54.527349,-2.7703059,"Haweswater",4,0.413919815,0.184075968,0.298580032,75.01183401,3.68,3.78795657,0.138438281,393.8703427,17.64707624,22.31929739,0.011772995,0.003397267,4,149,51,18,0,31,26,3,1,2,0,1,0,0,1,0,0,0,0,0,0,1,0,0,282,288,77.08333333,20.83333333,2.083333333,0.00019635,143.6214206,46.6,605.1502146,8.583690987,319.7424893,109.4420601,38.62660944,66.52360515,55.79399142,0,6.43776824,95.36178724,84.01731198,2431.898635,9.635419518,12.44252172
"59","HAW-H-8","13/09/2024","NY5024515062","Heather",423,0,10,0,0,1,0,0,4,0,0,0,0,0,0,0,54.528382,-2.7703099,"Haweswater",3,0.803314976,0.48,0.731208803,76.8834946,3.61,5.001654517,0.146738379,417.2126837,13.03053062,32.01808858,0.013461668,0.001180984,7,110,47,20,0,38,29,4,3,0,0,0,0,0,0,0,0,0,0,0,0,0,0,0,255,258,71.31782946,27.51937984,1.162790698,0.00019635,129.8704336,47.7,534.591195,14.67505241,230.6079665,98.53249476,41.92872117,79.66457023,60.7966457,0,8.385744235,95.36178724,84.01731198,2431.898635,9.635419518,12.44252172
"60","HAW-H-9","13/09/2024","NY5040815162","Heather",390,0,100,0,6,2,0,0,10,0,0,0,0,0,0,0,54.529297,-2.7678084,"Haweswater",4,0.570009025,0.271760988,0.411174597,77.85782682,3.72,4.323007147,0.139154012,390.7741901,13.33842821,29.29686946,0.012488772,0.001730329,12,159,42,10,2,11,27,2,0,0,0,0,0,1,0,1,0,0,0,0,0,0,0,2,265,269,82.89962825,15.6133829,1.486988848,0.00019635,134.9633917,57,464.9122807,21.05263158,278.9473684,73.68421053,17.54385965,19.29824561,47.36842105,3.50877193,3.50877193,95.36178724,84.01731198,2431.898635,9.635419518,12.44252172
"61","SWM-B-1","23/08/2024","SE4699799447","Bracken",205,100,0,0,0,0,0,0,0,0,0,0,0,0,0,0,54.388347,-1.2777997,"Scarth Wood Moor",1,0,0,NA,34.88657876,5.45,0.904550096,0.027051176,45.51048163,3.024889082,15.04533898,0.010258244,0.006567307,3,24,11,40,0,4,1,0,0,0,0,0,0,0,0,0,0,0,0,0,0,0,0,0,83,83,93.97590361,6.024096386,0,0.00019635,42.27155289,181.2,45.80573951,1.655629139,13.24503311,6.070640177,22.07505519,2.207505519,0.55187638,0,0,84.44108508,81.92627751,873.2111198,9.82033315,14.66681981
"62","SWM-B-10","24/08/2024","SE4645899127","Bracken",223,85,0,0,0,15,0,0,0,0,0,0,0,0,0,0,54.385521,-1.2861489,"Scarth Wood Moor",2,0.422709088,0.255,0.609840305,19.08148014,3.64,1.658500508,0.04421579,66.39974447,3.387720911,19.60012239,0.007665099,0.010194981,2,6,8,4,0,1,0,0,0,5,0,0,0,0,0,0,0,0,0,0,0,0,0,1,21,27,74.07407407,3.703703704,22.22222222,0.00019635,10.69521218,114.8,18.29268293,1.742160279,5.226480836,6.968641115,3.484320557,0.871080139,0,0,0,84.44108508,81.92627751,873.2111198,9.82033315,14.66681981
"63","SWM-B-2","23/08/2024","SE4695799540","Bracken",210,100,0,0,0,0,0,0,0,0,0,0,0,0,0,0,54.389186,-1.2784009,"Scarth Wood Moor",1,0,0,NA,70.09797943,3.03,1.391191545,0.04981988,431.0095515,17.37549222,24.8056024,0.010249183,0.005706894,18,100,14,14,0,8,2,0,0,2,0,0,0,0,0,0,0,0,0,1,0,0,0,1,156,160,91.25,6.25,2.5,0.00019635,79.45014759,42.8,364.4859813,42.05607477,233.6448598,32.71028037,32.71028037,18.69158879,4.672897196,0,0,84.44108508,81.92627751,873.2111198,9.82033315,14.66681981
"64","SWM-B-3","23/08/2024","SE4693799593","Bracken",221,100,0,0,0,0,0,0,0,0,0,0,0,0,0,0,54.389665,-1.2787005,"Scarth Wood Moor",1,0,0,NA,81.10951072,3.42,3.159791789,0.176469505,387.4583354,15.02480715,25.78790739,0.01053588,0.0093479,22,81,22,16,0,1,14,3,0,0,0,0,0,1,2,0,0,0,0,7,0,0,0,2,159,171,82.45614035,10.52631579,7.01754386,0.00019635,80.97803505,32.6,487.7300613,67.48466258,248.4662577,67.48466258,49.0797546,3.067484663,42.94478528,0,9.202453988,84.44108508,81.92627751,873.2111198,9.82033315,14.66681981
"65","SWM-B-4","23/08/2024","SE4695599636","Bracken",226,99,0,0,1,0,0,0,0,0,0,0,0,0,0,0,54.390049,-1.2784166,"Scarth Wood Moor",2,0.056001534,0.0198,0.080793136,44.93794269,3.27,1.584495084,0.043620291,313.783897,11.28953212,27.79423396,0.009684834,0.005812541,6,46,18,19,0,5,2,0,0,4,0,0,0,0,0,0,0,0,0,7,0,0,0,2,96,109,81.65137615,6.422018349,11.9266055,0.00019635,48.89239852,91.7,104.6892039,6.543075245,50.16357688,19.62922574,20.71973828,5.452562704,2.181025082,0,0,84.44108508,81.92627751,873.2111198,9.82033315,14.66681981
"66","SWM-B-5","23/08/2024","SE4677199682","Bracken",232,100,0,0,0,0,0,0,0,0,0,0,0,0,0,0,54.39048,-1.2812426,"Scarth Wood Moor",1,0,0,NA,24.69892321,3.36,0.70659083,0.02417327,127.1469116,5.275032458,24.10353161,0.008315427,0.014803505,4,43,247,8,0,6,3,0,0,2,0,0,0,0,2,0,0,0,0,1,0,0,0,3,311,319,94.67084639,2.821316614,2.507836991,0.00019635,158.3909994,133.5,232.9588015,2.996254682,32.20973783,185.0187266,5.992509363,4.494382022,2.247191011,0,0,84.44108508,81.92627751,873.2111198,9.82033315,14.66681981
"67","SWM-B-6","23/08/2024","SE4646699621","Bracken",243,100,0,0,0,0,0,0,0,0,0,0,0,0,0,0,54.389959,-1.2859487,"Scarth Wood Moor",1,0,0,NA,46.24018781,3.42,1.07318019,0.059433822,208.4360341,9.404298558,22.16391077,0.009445312,0.013372296,6,51,5,8,0,1,0,0,0,20,0,0,0,0,2,0,0,0,0,0,0,0,0,0,71,93,75.2688172,1.075268817,23.65591398,0.00019635,36.16000307,107.3,66.16961789,5.591798695,47.53028891,4.659832246,7.455731594,0.931966449,0,0,0,84.44108508,81.92627751,873.2111198,9.82033315,14.66681981
"68","SWM-B-7","23/08/2024","SE4634399608","Bracken",268,90,0,0,0,10,0,0,0,0,0,0,0,0,0,0,54.389854,-1.2878447,"Scarth Wood Moor",2,0.325082973,0.18,0.468995594,52.25341581,3.52,2.285057933,0.115941665,411.5298098,18.20191332,22.60915117,0.008977031,0.007212426,19,174,133,13,0,5,17,0,0,30,0,0,0,0,3,0,0,0,0,0,0,0,0,2,361,396,85.60606061,5.555555556,8.838383838,0.00019635,183.8557903,34.3,1052.478134,55.39358601,507.2886297,387.755102,37.90087464,14.57725948,49.56268222,0,0,84.44108508,81.92627751,873.2111198,9.82033315,14.66681981
"69","SWM-B-8","23/08/2024","SE4630199480","Bracken",264,100,0,0,0,0,0,0,0,0,0,0,0,0,0,0,54.388707,-1.2885113,"Scarth Wood Moor",1,0,0,NA,49.24722484,3.81,1.27183685,0.053855802,175.9467584,7.590987812,23.17837451,0.009633371,0.010715309,11,91,12,112,0,5,3,0,0,9,0,0,0,0,1,0,0,0,0,2,0,0,0,0,234,246,91.8699187,3.25203252,4.87804878,0.00019635,119.1752214,97.6,239.7540984,11.2704918,93.23770492,12.29508197,114.7540984,5.12295082,3.073770492,0,0,84.44108508,81.92627751,873.2111198,9.82033315,14.66681981
"70","SWM-B-9","23/08/2024","SE4646199445","Bracken",232,90,0,0,10,0,0,0,0,0,0,0,0,0,0,0,54.388378,-1.2860531,"Scarth Wood Moor",2,0.325082973,0.18,0.468995594,20.59765208,3.49,1.395598299,0.061690253,183.4603543,7.861411802,23.33682027,0.005804079,0.013318162,11,43,341,10,0,1,1,0,0,5,0,0,0,0,0,0,0,0,0,0,0,0,0,2,407,414,97.82608696,0.483091787,1.690821256,0.00019635,207.2833979,71.5,569.2307692,15.38461538,60.13986014,476.9230769,13.98601399,1.398601399,1.398601399,0,0,84.44108508,81.92627751,873.2111198,9.82033315,14.66681981
"71","SWM-H-1","23/08/2024","SE4697299510","Heather",200,0,94,0,1,0,0,0,5,0,0,0,0,0,0,0,54.388916,-1.2781747,"Scarth Wood Moor",3,0.254001195,0.1138,0.231201851,89.04940566,3.98,3.266655874,0.152205195,367.393351,13.28498621,27.6547785,0.010139717,0.005558523,5,35,52,14,2,18,1,1,0,4,0,0,0,0,0,0,0,0,1,0,0,0,0,5,128,138,76.8115942,15.94202899,7.246376812,0.00019635,65.18986469,22.6,566.3716814,22.12389381,154.8672566,230.0884956,61.94690265,79.6460177,4.424778761,8.849557522,4.424778761,84.44108508,81.92627751,873.2111198,9.82033315,14.66681981
"72","SWM-H-10","24/08/2024","SE4686399980","Heather",240,0,100,0,0,0,0,0,5,0,0,0,0,0,0,0,54.393149,-1.2797791,"Scarth Wood Moor",2,0.191444082,0.090702948,0.276195428,28.79533809,3.55,0.728584963,0.015942435,69.40085093,2.304607447,30.11395759,0.008761146,0.019120441,2,43,49,6,0,1,5,0,0,0,0,1,0,0,0,0,0,0,0,0,0,0,0,0,106,107,93.45794393,5.607476636,0.934579439,0.00019635,53.9853567,205.9,51.4813016,0.971345313,20.88392424,23.79796017,2.91403594,0.485672657,2.428363283,0,0,84.44108508,81.92627751,873.2111198,9.82033315,14.66681981
"73","SWM-H-2","23/08/2024","SE4691099652","Heather",234,0,100,0,0,0,0,0,10,0,0,0,0,0,0,0,54.390197,-1.279107,"Scarth Wood Moor",2,0.304636097,0.165289256,0.439496987,64.92779783,3.52,1.05344406,0.034963419,94.45959919,3.839543181,24.60178066,0.009032608,0.013409339,2,33,33,6,0,4,5,0,1,11,0,2,0,0,0,0,0,0,1,0,0,0,0,0,83,98,75.51020408,9.183673469,15.30612245,0.00019635,42.27155289,190.1,43.66123093,1.052077854,17.35928459,17.35928459,3.156233561,2.104155708,2.630194634,0,0,84.44108508,81.92627751,873.2111198,9.82033315,14.66681981
"74","SWM-H-3","23/08/2024","SE4684199678","Heather",235,0,90,0,0,0,0,0,10,0,0,0,0,0,0,0,54.390437,-1.2801654,"Scarth Wood Moor",2,0.325082973,0.18,0.468995594,20.2049447,3.51,1.320449642,0.025249346,91.7724392,3.768506588,24.35246882,0.008526163,0.011035806,9,31,20,6,3,25,9,0,1,22,0,0,0,0,0,0,0,0,0,0,0,0,0,1,103,127,51.96850394,29.13385827,18.8976378,0.00019635,52.45746924,212.9,48.3795209,4.227336778,14.56082668,9.394081729,2.818224519,11.74260216,4.227336778,1.409112259,0,84.44108508,81.92627751,873.2111198,9.82033315,14.66681981
"75","SWM-H-4","23/08/2024","SE4680899708","Heather",230,0,100,0,0,0,0,0,0,0,0,0,0,0,0,0,54.39071,-1.2806688,"Scarth Wood Moor",1,0,0,NA,48.59254528,3.49,1.018931761,0.022130559,214.9970652,7.899121649,27.21784456,0.009263588,0.013392879,13,309,118,29,0,1,9,0,0,2,0,0,0,1,0,0,0,0,0,0,0,0,0,5,479,487,96.30390144,2.05338809,1.642710472,0.00019635,243.9526968,120.5,397.5103734,10.78838174,256.4315353,97.9253112,24.06639004,0.829875519,7.468879668,0,0,84.44108508,81.92627751,873.2111198,9.82033315,14.66681981
"76","SWM-H-5","24/08/2024","SE4662499235","Heather",202,0,100,0,2,5,0,0,2,0,0,0,0,0,0,0,54.386476,-1.2835762,"Scarth Wood Moor",4,0.367157085,0.155542463,0.264847853,30.52542659,3.7,1.116094458,0.045463436,121.2265316,5.766975968,21.02081442,0.009923679,0.010590914,9,141,22,7,0,17,5,0,0,1,0,0,0,0,0,0,0,0,1,0,0,0,0,4,201,207,86.47342995,10.62801932,2.898550725,0.00019635,102.3684594,142.9,140.6578027,6.298110567,98.67039888,15.39538139,4.898530441,11.89643107,3.498950315,0,0,84.44108508,81.92627751,873.2111198,9.82033315,14.66681981
"77","SWM-H-6","24/08/2024","SE4626599783","Heather",274,0,100,0,0,0,0,0,25,0,0,0,0,0,0,0,54.391433,-1.2890186,"Scarth Wood Moor",2,0.500402424,0.32,0.721928095,55.30357861,3.41,2.107744592,0.040229543,344.0922614,11.51880923,29.87220767,0.009692931,0.005861071,12,113,19,6,0,12,2,0,0,28,0,0,0,0,0,0,0,0,0,0,0,0,0,13,164,205,73.17073171,6.829268293,20,0.00019635,83.52451413,85.6,191.588785,14.01869159,132.0093458,22.19626168,7.009345794,14.01869159,2.336448598,0,0,84.44108508,81.92627751,873.2111198,9.82033315,14.66681981
"78","SWM-H-7","24/08/2024","SE4620499908","Heather",286,0,100,0,0,0,0,0,50,0,0,0,0,0,0,0,54.392562,-1.2899385,"Scarth Wood Moor",2,0.636514168,0.444444444,0.918295834,38.81605707,3.64,2.200040433,0.066863776,207.8808214,7.568548616,27.46640498,0.008454734,0.008364346,36,53,68,18,0,13,61,0,0,6,0,0,0,0,0,0,0,0,0,0,0,0,0,2,249,257,68.09338521,28.79377432,3.112840467,0.00019635,126.8146587,140.4,177.3504274,25.64102564,37.74928775,48.43304843,12.82051282,9.259259259,43.44729345,0,0,84.44108508,81.92627751,873.2111198,9.82033315,14.66681981
"79","SWM-H-8","24/08/2024","NZ4629300082","Heather",276,0,100,0,0,0,0,0,30,0,0,0,0,0,0,0,54.394118,-1.2885409,"Scarth Wood Moor",2,0.540204142,0.355029586,0.779349837,29.08506144,3.53,1.924391962,0.067052849,222.3235895,8.425847548,26.38590222,0.002741221,0.009942812,14,35,11,8,0,21,16,1,0,33,0,1,0,0,0,0,0,0,0,0,0,0,0,2,106,142,47.88732394,26.76056338,25.35211268,0.00019635,53.9853567,91.6,115.720524,15.28384279,38.20960699,12.00873362,8.733624454,22.92576419,17.46724891,0,1.091703057,84.44108508,81.92627751,873.2111198,9.82033315,14.66681981
"80","SWM-H-9","24/08/2024","NZ4657600019","Heather",262,0,100,0,0,0,0,0,10,0,0,0,0,0,0,0,54.393526,-1.2841926,"Scarth Wood Moor",2,0.304636097,0.165289256,0.439496987,28.02986534,3.7,1.075942179,0.014731755,114.5227803,4.276171754,26.78161376,0.008542836,0.010435771,14,64,27,12,0,20,5,0,1,2,0,0,0,0,0,0,0,0,0,0,0,0,0,6,142,151,77.48344371,16.55629139,5.960264901,0.00019635,72.32000614,109.7,129.443938,12.7620784,58.34092981,24.61257976,10.93892434,18.23154057,4.557885141,0,0,84.44108508,81.92627751,873.2111198,9.82033315,14.66681981
"81","WDY-B-1","03/10/2024","NY8372229478","Bracken",420,47,24,0,2,0,0,0,26,1,0,0,0,0,0,0,54.660123,-2.253851,"Widdybanks",5,1.17189985,0.6534,0.728142317,51.2645638,4.23,1.00284598,0.063343712,122.445427,7.773520395,15.75160555,0.010728637,0.006377866,18,21,44,22,1,22,26,5,0,5,0,0,0,1,0,1,0,0,0,0,0,0,0,1,159,167,62.8742515,32.33532934,4.790419162,0.00019635,80.97803505,113.53,140.0510878,15.85484013,18.49731349,38.75627587,19.37813794,19.37813794,22.90143574,0.880824452,4.404122258,114.3943005,83.4796764,1400.252238,9.499883649,23.092723
"82","WDY-B-10","04/10/2024","NY8361629308","Bracken",432,100,0,0,4,24,0,0,0,1,0,0,0,0,0,0,54.658592,-2.2554846,"Widdybanks",4,0.655661335,0.363439697,0.472959678,56.47702052,4.36,1.204676862,0.090451756,142.0519424,10.04971872,14.13491724,0.011408719,0.006297354,24,135,47,21,0,56,30,7,0,2,0,0,0,0,0,0,0,0,0,0,0,0,0,3,320,325,69.84615385,28.61538462,1.538461538,0.00019635,162.9746617,66.98,477.7545536,35.83159152,201.5527023,70.17020006,31.35264258,83.60704688,44.7894894,0,10.45088086,114.3943005,83.4796764,1400.252238,9.499883649,23.092723
"83","WDY-B-2","03/10/2024","NY8372729456","Bracken",429,55,20,0,13,0,0,0,11,3,0,1,0,0,0,0,54.659926,-2.2537723,"Widdybanks",6,1.301379501,0.648883024,0.726313729,76.18923271,3.8,1.298906524,0.056006537,163.5948387,8.561596822,19.10798209,0.008939268,0.013647207,9,179,67,17,0,19,22,1,0,1,0,0,0,1,0,1,0,0,0,0,0,0,0,0,314,317,85.8044164,13.24921136,0.94637224,0.00019635,159.9188868,107.54,291.9843779,8.368978985,166.4496931,62.30239911,15.80807142,17.66784452,20.45750418,0,0.929886554,114.3943005,83.4796764,1400.252238,9.499883649,23.092723
"84","WDY-B-3","03/10/2024","NY8372829436","Bracken",434,61,14,0,0,20,0,0,0,0,0,1,4,0,0,0,54.659746,-2.2537557,"Widdybanks",5,1.073470874,0.5666,0.666984955,52.26747001,4.26,1.008176526,0.078261503,108.3861527,7.429534834,14.58855166,0.01025798,0.005705726,18,89,33,24,0,36,18,3,2,4,0,0,0,10,0,0,0,0,0,0,0,0,0,0,221,237,69.19831224,24.05063291,6.751054852,0.00019635,112.5543758,122.37,180.5998202,14.70948762,72.73024434,26.96739397,19.61265016,29.41897524,14.70948762,0,2.45158127,114.3943005,83.4796764,1400.252238,9.499883649,23.092723
"85","WDY-B-4","03/10/2024","NY8371229411","Bracken",431,50,28,0,0,25,0,0,6,11,0,0,0,0,0,0,54.659521,-2.2540023,"Widdybanks",5,1.399973601,0.717638889,0.869852506,43.66558953,4.24,1.48591408,0.096651751,95.82984179,7.403630603,12.94362819,0.010630647,0.003051848,14,83,73,40,0,89,17,8,1,3,1,0,0,0,0,0,0,0,0,0,0,0,0,1,324,330,63.63636364,34.54545455,1.818181818,0.00019635,165.011845,120.69,268.4563758,11.59996686,68.77123208,60.48554147,33.14276245,73.74264645,14.08567404,0,6.62855249,114.3943005,83.4796764,1400.252238,9.499883649,23.092723
"86","WDY-B-5","03/10/2024","NY8368329396","Bracken",429,57,16,0,8,0,0,0,10,11,0,1,0,0,0,0,54.659385,-2.254451,"Widdybanks",6,1.325470997,0.642661891,0.739759449,52.1742568,3.85,1.746701944,0.082935957,186.1633756,10.65142475,17.477791,0.010540805,0.005825752,13,104,59,28,0,13,18,2,0,1,0,0,0,0,0,0,0,0,0,0,0,0,0,1,237,239,85.35564854,13.80753138,0.836820084,0.00019635,120.7031088,71.05,333.5679099,18.29697396,146.3757917,83.0401126,39.408867,18.29697396,25.33427164,0,2.814919071,114.3943005,83.4796764,1400.252238,9.499883649,23.092723
"87","WDY-B-6","03/10/2024","NY8362229453","Bracken",402,58,0,0,0,94,0,0,0,0,0,1,0,3,0,0,54.659895,-2.2553998,"Widdybanks",4,0.781450616,0.498274162,0.563697464,51.29739701,5.24,1.12428934,0.098392448,77.06224212,5.369166178,14.35273925,0.011064639,0.005380483,11,72,30,12,0,29,7,0,0,0,0,0,0,1,0,0,0,0,0,0,0,0,0,7,161,169,73.96449704,21.30177515,4.733727811,0.00019635,81.99662668,100.71,159.8649588,10.9224506,71.49240393,29.78850164,11.91540066,28.79555158,6.950650382,0,0,114.3943005,83.4796764,1400.252238,9.499883649,23.092723
"88","WDY-B-7","04/10/2024","NY8373929576","Bracken",397,86,10,0,0,20,0,0,0,0,0,1,0,0,2,1,54.661004,-2.253593,"Widdybanks",6,0.892486257,0.45125,0.498106064,41.81253529,5.45,1.415578015,0.074509347,57.53005172,4.277930712,13.44810274,0.010118595,0.003072627,12,102,173,70,0,30,2,2,0,2,0,0,0,0,0,0,0,0,0,0,0,0,0,3,391,396,90.15151515,8.585858586,1.262626263,0.00019635,199.1346648,203.67,191.977218,5.89188393,50.0810134,84.94132666,34.36932292,14.72970982,0.981980655,0,0.981980655,114.3943005,83.4796764,1400.252238,9.499883649,23.092723
"89","WDY-B-8","04/10/2024","NY8377229535","Bracken",411,91,0,0,0,31,0,0,5,1,0,0,0,0,0,0,54.660637,-2.2530792,"Widdybanks",4,0.750553639,0.434326172,0.541410006,52.16209687,4.23,1.105088126,0.077646133,108.7448355,6.880257373,15.80534413,0.010267674,0.00506639,21,157,99,46,0,107,30,5,2,13,0,0,0,0,0,0,0,1,0,0,0,0,0,3,465,484,66.73553719,29.33884298,3.925619835,0.00019635,236.8225553,114.95,404.523706,18.26881253,136.5811222,86.12440191,40.01739887,93.08394954,26.09830361,0,4.349717268,114.3943005,83.4796764,1400.252238,9.499883649,23.092723
"90","WDY-B-9","04/10/2024","NY8379129504","Bracken",425,95,3,0,5,4,0,0,17,0,0,0,0,0,0,0,54.660359,-2.2527829,"Widdybanks",5,0.806804667,0.390998959,0.501295925,64.73244061,3.77,1.830747002,0.099538495,203.4110276,11.54982204,17.61161574,0.009822964,0.009113248,33,317,151,90,0,60,42,17,2,2,0,0,0,0,0,0,0,1,0,0,0,0,0,2,710,717,82.42677824,16.59693166,0.976290098,0.00019635,361.6000307,65.29,1087.455966,50.54372798,485.5261143,231.2758462,137.8465309,91.89768724,64.32838107,0,26.03767805,114.3943005,83.4796764,1400.252238,9.499883649,23.092723
"91","WDY-H-1","03/10/2024","NY8373329606","Heather",395,0,100,0,0,4,0,0,1,0,0,0,0,0,0,0,54.661274,-2.2536877,"Widdybanks",3,0.215272769,0.091428571,0.195949719,28.76175549,4.23,0.828259868,0.047443574,45.30961822,3.144897253,14.40734453,0.010088041,0.006026718,28,355,62,153,2,7,6,0,0,2,0,0,0,0,0,0,0,0,0,0,0,0,0,0,613,615,97.23577236,2.43902439,0.325203252,0.00019635,312.1983364,218.76,280.2157616,12.79941488,162.2782958,28.34156153,69.9396599,3.199853721,2.742731761,0.91424392,0,114.3943005,83.4796764,1400.252238,9.499883649,23.092723
"92","WDY-H-10","04/10/2024","NY8355329314","Heather",404,0,100,0,0,0,0,0,14,0,0,1,0,2,0,0,54.658644,-2.2564615,"Widdybanks",4,0.498497733,0.254803127,0.359590104,45.101358,5.57,0.447914398,0.046018546,83.16851342,5.566808724,14.94007025,0.009608058,0.006531277,6,42,15,9,0,3,0,0,0,1,0,0,0,1,0,0,0,0,0,0,0,0,0,1,75,78,92.30769231,3.846153846,3.846153846,0.00019635,38.19718634,115.98,64.66632178,5.173305742,36.2131402,12.93326436,7.759958614,2.586652871,0,0,0,114.3943005,83.4796764,1400.252238,9.499883649,23.092723
"93","WDY-H-2","03/10/2024","NY8370929586","Heather",395,0,100,0,0,0,0,0,5,1,0,0,0,0,0,0,54.661093,-2.2540586,"Widdybanks",3,0.243022036,0.107689569,0.22120819,78.74357326,3.9,0.68592384,0.022545469,66.01206123,3.188286131,20.70455992,0.009519837,0.017529524,17,184,28,78,1,87,12,1,0,1,0,0,0,1,0,1,0,1,0,0,0,0,0,0,408,412,74.51456311,24.51456311,0.970873786,0.00019635,207.7926937,152.5,267.5409836,11.14754098,120.6557377,18.36065574,51.14754098,57.04918033,7.868852459,0.655737705,0.655737705,114.3943005,83.4796764,1400.252238,9.499883649,23.092723
"94","WDY-H-3","03/10/2024","NY8370329547","Heather",399,0,98,0,0,1,0,0,20,0,0,0,0,0,0,0,54.660743,-2.2541494,"Widdybanks",3,0.499783507,0.293482099,0.454922553,46.08091482,5.01,0.623408176,0.025195726,68.15337009,5.043476572,13.51317273,0.012467072,0.001746588,13,185,57,37,0,22,9,2,0,0,1,0,0,0,0,0,0,0,0,0,0,0,0,1,325,327,89.29663609,10.09174312,0.611620795,0.00019635,165.5211408,209.37,155.2275875,6.209103501,88.36031905,27.22453074,17.67206381,10.50771362,4.298610116,0,0.955246692,114.3943005,83.4796764,1400.252238,9.499883649,23.092723
"95","WDY-H-4","03/10/2024","NY8370429496","Heather",406,0,98,0,0,0,0,0,6,0,0,0,0,0,0,0,54.660284,-2.2541311,"Widdybanks",2,0.220570036,0.108727811,0.318215298,49.16650699,5.47,0.634947937,0.055039669,94.56615901,6.201470455,15.24898969,0.010459323,0.004572192,12,49,21,34,1,10,12,5,0,0,0,0,0,0,0,0,0,0,0,0,0,0,0,1,144,145,80,19.31034483,0.689655172,0.00019635,73.33859778,158.45,90.88040391,7.573366993,30.92458189,13.25339224,21.45787315,6.311139161,7.573366993,0.631113916,3.15556958,114.3943005,83.4796764,1400.252238,9.499883649,23.092723
"96","WDY-H-5","03/10/2024","NY8363629418","Heather",417,1,100,0,0,0,0,0,13,0,0,0,0,0,0,0,54.659581,-2.2551808,"Widdybanks",3,0.404081253,0.217451524,0.367810607,45.79530088,4.32,1.189254489,0.059098113,113.7737624,6.279508216,18.11825998,0.010074935,0.005355869,20,79,31,35,0,56,14,5,0,11,0,0,0,0,0,0,0,0,0,0,0,0,0,1,240,252,65.47619048,29.76190476,4.761904762,0.00019635,122.2309963,118.49,202.5487383,16.87906152,66.67229302,26.16254536,29.53835767,47.26137227,11.81534307,0,4.219765381,114.3943005,83.4796764,1400.252238,9.499883649,23.092723
"97","WDY-H-6","04/10/2024","NY8375929555","Heather",403,5,100,0,4,0,0,0,3,0,0,2,0,0,0,0,54.660816,-2.2532818,"Widdybanks",5,0.536272862,0.226377347,0.333205064,59.49314745,4.37,0.572793761,0.035816247,90.27265502,5.48955993,16.44442472,0.008577969,0.007903267,22,228,109,34,0,34,12,3,1,0,0,0,0,0,0,0,0,0,0,0,0,0,0,6,442,449,87.52783964,10.91314031,1.559020045,0.00019635,225.1087515,139.65,316.5055496,15.75366989,163.2653061,78.05227354,24.34658074,24.34658074,8.592910849,0,2.148227712,114.3943005,83.4796764,1400.252238,9.499883649,23.092723
"98","WDY-H-7","04/10/2024","NY8379029464","Heather",435,0,92,0,13,0,0,0,16,5,0,0,0,0,0,0,54.66,-2.2527962,"Widdybanks",4,0.854079527,0.438523558,0.616088149,62.55294968,3.61,4.839544087,0.180601071,412.9735731,19.53228051,21.14313139,0.012019705,0.001185016,9,172,60,67,0,29,20,4,0,0,0,0,0,0,0,0,0,0,0,0,0,0,0,1,361,362,85.08287293,14.64088398,0.276243094,0.00019635,183.8557903,26.39,1367.942402,34.10382721,651.7620311,227.358848,253.884047,109.8901099,75.78628268,0,15.15725654,114.3943005,83.4796764,1400.252238,9.499883649,23.092723
"99","WDY-H-8","04/10/2024","NY8359429279","Heather",431,0,99,0,7,0,0,0,0,0,0,0,0,0,0,0,54.658331,-2.255824,"Widdybanks",2,0.243267054,0.123353507,0.350960173,61.92199437,3.98,2.512757277,0.112093871,217.8097993,11.43475116,19.04805765,0.01025596,0.006298796,9,178,58,24,0,35,11,7,0,25,0,0,0,0,1,0,0,0,0,0,0,1,0,2,322,351,76.63817664,15.0997151,8.262108262,0.00019635,163.9932534,39.6,813.1313131,22.72727273,449.4949495,146.4646465,60.60606061,88.38383838,27.77777778,0,17.67676768,114.3943005,83.4796764,1400.252238,9.499883649,23.092723
"100","WDY-H-9","04/10/2024","NY8355329286","Heather",412,0,100,1,0,0,0,0,29,0,0,0,0,0,0,0,54.658392,-2.2564599,"Widdybanks",3,0.573929853,0.358461538,0.522413466,59.99669121,3.93,1.261979937,0.080624897,222.3793171,10.31599156,21.5567564,0.00987717,0.012185142,10,48,6,7,0,5,3,2,0,9,0,0,0,15,0,0,0,0,0,0,0,0,0,0,81,105,67.61904762,9.523809524,22.85714286,0.00019635,41.25296125,75.11,107.841832,13.31380642,63.9062708,7.98828385,9.319664492,6.656903209,3.994141925,0,2.662761283,114.3943005,83.4796764,1400.252238,9.499883649,23.092723
"101","WHI-B-1","11/09/2024","NY1662921412","Bracken",409,90,0,0,0,50,0,0,0,0,0,1,0,0,0,0,54.58101,-3.2914181,"Whiteside",3,0.689298751,0.466777325,0.627426762,52.43471249,4.24,1.941635543,0.134699817,109.1675874,8.078756403,13.51291981,0.013125398,0.003373948,19,142,2,17,6,37,3,8,0,0,0,0,1,0,0,0,0,0,0,0,0,0,0,1,234,236,76.27118644,22.88135593,0.847457627,0.00019635,119.1752214,149.8,156.2082777,12.6835781,94.79305741,1.335113485,11.34846462,24.69959947,2.002670227,4.005340454,5.340453939,79.67334496,82.41959029,2104.964697,9.726661511,14.65792192
"102","WHI-B-10","11/09/2024","NY1659021287","Bracken",411,90,0,0,0,0,0,0,16,0,0,16,0,0,0,0,54.579881,-3.2919858,"Whiteside",3,0.757252935,0.421392099,0.689281326,50.42477809,4.16,1.784750283,0.10099411,135.2061487,8.974507158,15.06557924,0.011384673,0.002886386,13,28,6,16,2,14,23,6,0,2,0,1,0,2,0,0,0,0,1,0,0,0,0,1,108,115,54.7826087,39.13043478,6.086956522,0.00019635,55.00394833,97.1,111.2255407,13.38825953,28.83625129,6.179196704,16.47785788,14.41812564,23.6869207,2.059732235,6.179196704,79.67334496,82.41959029,2104.964697,9.726661511,14.65792192
"103","WHI-B-2","11/09/2024","NY1665421423","Bracken",413,90,0,0,0,25,0,0,1,0,0,1,0,0,0,0,54.581113,-3.2910346,"Whiteside",4,0.612987901,0.362480824,0.442177302,51.68543689,4.16,1.539115886,0.082510987,94.84554575,7.451559216,12.72828183,0.009243313,0.002027285,6,47,79,52,0,26,30,5,0,5,0,2,0,3,0,1,0,0,0,1,0,0,0,0,245,257,71.59533074,23.73540856,4.6692607,0.00019635,124.7774754,137,178.8321168,4.379562044,34.30656934,57.66423358,37.95620438,18.97810219,21.89781022,0,3.649635036,79.67334496,82.41959029,2104.964697,9.726661511,14.65792192
"104","WHI-B-3","11/09/2024","NY1671721430","Bracken",440,90,0,0,0,25,0,0,0,0,0,0,0,0,0,0,54.581187,-3.2900621,"Whiteside",2,0.523586337,0.34026465,0.755375413,57.023766,4.28,2.076441583,0.109863377,118.5299238,8.474815844,13.98613563,0.010803327,0.002215309,32,174,72,30,2,35,42,13,0,10,0,0,0,0,0,0,0,0,0,0,0,0,0,6,400,416,74.03846154,22.11538462,3.846153846,0.00019635,203.7183272,140.9,283.8892832,22.71114265,123.4918382,51.10007097,21.29169624,24.84031228,29.80837473,1.419446416,9.226401703,79.67334496,82.41959029,2104.964697,9.726661511,14.65792192
"105","WHI-B-4","11/09/2024","NY1672121389","Bracken",446,95,0,0,2,20,0,0,6,0,0,2,0,0,0,0,54.580819,-3.2899886,"Whiteside",5,0.779864972,0.393984,0.484557351,66.24747196,3.85,1.619496983,0.074356193,139.6928758,7.973636245,17.51934394,0.011088657,0.003273326,1,4,1,5,1,1,0,0,0,1,0,2,0,0,0,0,0,0,0,0,0,0,0,0,13,16,68.75,12.5,18.75,0.00019635,6.620845633,127.7,10.18010963,0.783085356,3.132341425,0.783085356,3.915426782,0.783085356,0,0.783085356,0,79.67334496,82.41959029,2104.964697,9.726661511,14.65792192
"106","WHI-B-5","11/09/2024","NY1663821353","Bracken",420,86,0,0,1,12,0,0,12,5,0,0,0,0,0,0,54.580482,-3.2912622,"Whiteside",5,0.867738324,0.427021403,0.539156134,56.83760684,3.77,2.389187938,0.11011766,206.1546382,12.24612713,16.83427226,0.011781687,0.003498331,13,90,19,7,1,10,2,0,0,3,0,0,0,1,0,0,0,0,0,0,0,0,0,1,142,147,87.75510204,8.843537415,3.401360544,0.00019635,72.32000614,102.6,138.4015595,12.6705653,87.71929825,18.51851852,6.822612086,9.746588694,1.949317739,0.974658869,0,79.67334496,82.41959029,2104.964697,9.726661511,14.65792192
"107","WHI-B-6","11/09/2024","NY1660221390","Bracken",399,85,0,0,8,0,0,0,13,0,0,12,0,0,0,0,54.580808,-3.2918295,"Whiteside",4,0.894209111,0.454036196,0.645035525,61.02426062,3.88,1.792242842,0.142729502,169.474377,9.541261183,17.76226159,0.012291206,0.005493164,9,49,34,11,0,9,3,3,0,5,0,2,0,0,0,0,0,0,1,0,0,0,0,0,118,126,81.74603175,11.9047619,6.349206349,0.00019635,60.09690651,82.4,143.2038835,10.9223301,59.46601942,41.26213592,13.34951456,10.9223301,3.640776699,0,3.640776699,79.67334496,82.41959029,2104.964697,9.726661511,14.65792192
"108","WHI-B-7","11/09/2024","NY1659621344","Bracken",404,100,0,0,0,40,0,0,5,0,0,3,0,0,0,0,54.580394,-3.2919092,"Whiteside",4,0.811974279,0.468864134,0.585715633,60.2701257,4.19,2.514770591,0.173545275,126.1171289,8.576887782,14.70429975,0.011806345,0.002240851,13,60,18,4,2,6,0,1,0,2,0,2,0,0,0,0,0,0,0,0,0,0,0,0,104,108,87.96296296,8.333333333,3.703703704,0.00019635,52.96676506,110.6,94.03254973,11.75406872,54.24954792,16.27486438,3.616636528,5.424954792,0,1.808318264,0.904159132,79.67334496,82.41959029,2104.964697,9.726661511,14.65792192
"109","WHI-B-8","11/09/2024","NY1656821358","Bracken",394,90,0,0,0,50,0,0,0,0,0,3,0,0,0,0,54.580515,-3.2923463,"Whiteside",3,0.739908564,0.481197125,0.673493799,66.19334418,4.02,1.570672946,0.102569835,123.2560714,9.102712226,13.5405875,0.011135027,0.003555259,20,45,14,6,0,21,4,2,0,1,0,4,0,0,0,0,0,0,0,0,0,0,0,1,112,118,72.03389831,22.88135593,5.084745763,0.00019635,57.0411316,135.2,82.84023669,14.79289941,33.28402367,10.35502959,4.437869822,15.53254438,2.958579882,0,1.479289941,79.67334496,82.41959029,2104.964697,9.726661511,14.65792192
"110","WHI-B-9","11/09/2024","NY1657121320","Bracken",400,80,0,0,5,10,0,0,12,0,0,0,0,0,0,0,54.580174,-3.2922891,"Whiteside",4,0.827463871,0.417503712,0.596889012,53.71071013,4.05,1.671626662,0.110955988,112.1369819,7.157831278,15.66633489,0.011416703,0.00334072,30,186,28,26,4,69,11,1,0,3,0,0,0,0,0,0,0,0,0,0,1,0,0,0,355,359,75.20891365,23.67688022,1.114206128,0.00019635,180.8000154,129.2,274.7678019,23.21981424,143.9628483,21.67182663,20.12383901,53.40557276,8.513931889,3.095975232,0.773993808,79.67334496,82.41959029,2104.964697,9.726661511,14.65792192
"111","WHI-H-1","10/09/2024","NY1655121219","Heather",408,0,100,0,0,0,0,0,5,0,0,0,0,0,0,0,54.579263,-3.2925697,"Whiteside",2,0.191444082,0.090702948,0.276195428,67.27377744,4.02,2.053125164,0.056529572,148.1158766,7.420686905,19.95986066,0.010393183,0.003552855,12,47,15,6,1,141,23,2,0,1,0,2,0,0,0,0,0,0,0,0,0,0,0,0,247,250,32,66.8,1.2,0.00019635,125.796067,100.1,246.7532468,11.98801199,46.95304695,14.98501499,5.994005994,140.8591409,22.97702298,0.999000999,1.998001998,79.67334496,82.41959029,2104.964697,9.726661511,14.65792192
"112","WHI-H-10","11/09/2024","NY1684821457","Heather",482,0,100,0,15,0,0,0,1,0,0,0,0,0,0,0,54.581451,-3.2880435,"Whiteside",3,0.433436988,0.240041617,0.394531348,55.80391161,4.11,1.614665174,0.06159413,106.8149272,7.095892018,15.05306548,0.009221908,0.002011956,12,29,20,5,3,10,16,3,0,3,1,2,0,0,0,0,0,0,0,0,0,0,0,1,98,105,62.85714286,30.47619048,6.666666667,0.00019635,49.91099015,149.3,65.63965171,8.037508372,19.42397857,13.39584729,3.348961822,6.697923644,10.71667783,2.009377093,2.009377093,79.67334496,82.41959029,2104.964697,9.726661511,14.65792192
"113","WHI-H-2","10/09/2024","NY1660321261","Heather",409,0,90,0,10,0,0,0,5,0,0,0,0,0,0,0,54.579649,-3.2917774,"Whiteside",3,0.501046914,0.253968254,0.456072555,44.2757902,3.97,2.059785067,0.072142753,140.7527686,8.61222774,16.34336351,0.010555462,0.002651469,13,52,32,14,1,55,34,3,0,0,1,4,0,0,0,0,0,0,0,0,0,0,0,0,204,209,53.11004785,44.49760766,2.392344498,0.00019635,103.8963469,150.9,135.1888668,8.614976806,34.45990722,21.20609675,9.277667329,36.44797879,22.5314778,0.662690524,1.988071571,79.67334496,82.41959029,2104.964697,9.726661511,14.65792192
"114","WHI-H-3","10/09/2024","NY1665821311","Heather",422,0,95,0,10,0,0,0,5,0,0,0,0,0,0,0,54.580108,-3.2909409,"Whiteside",3,0.4851045,0.243801653,0.441561145,76.58212847,3.77,3.611364752,0.067206676,226.7950286,8.254965375,27.47377103,0.011430714,0.002807099,9,137,21,28,1,19,45,1,0,2,0,2,0,0,0,0,0,0,0,0,0,0,0,1,261,266,73.30827068,24.81203008,1.879699248,0.00019635,132.9262085,122.9,212.3677787,7.323026851,111.4727421,17.08706265,22.7827502,15.45972335,36.61513426,0.81366965,0.81366965,79.67334496,82.41959029,2104.964697,9.726661511,14.65792192
"115","WHI-H-4","10/09/2024","NY1668821348","Heather",434,0,100,0,2,0,0,0,4,0,0,0,0,0,0,0,54.580445,-3.2904874,"Whiteside",3,0.253547675,0.108223567,0.23078904,77.67455069,4.38,1.605993019,0.041176549,134.6091782,5.848881478,23.01451632,0.010336368,0.003479679,9,81,33,37,4,143,56,4,0,2,0,3,0,0,0,0,0,0,0,0,0,0,0,0,367,372,43.01075269,55.64516129,1.344086022,0.00019635,186.9115652,94.9,386.7228662,9.483667018,85.35300316,34.77344573,38.98840885,150.6849315,59.00948367,4.214963119,4.214963119,79.67334496,82.41959029,2104.964697,9.726661511,14.65792192
"116","WHI-H-5","10/09/2024","NY1672921372","Heather",439,0,95,0,5,0,0,0,5,0,4,0,0,0,0,0,54.580667,-3.28986,"Whiteside",4,0.523844568,0.234828718,0.37787398,59.92963253,3.87,2.336130363,0.050589962,168.1339201,6.848579543,24.5501887,0.010257859,0.002723012,6,98,48,12,3,19,7,2,0,1,0,1,0,1,0,0,0,0,0,0,0,0,0,3,195,201,81.5920398,15.42288557,2.985074627,0.00019635,99.31268449,81.2,240.1477833,7.389162562,120.6896552,59.11330049,14.77832512,23.39901478,8.620689655,3.694581281,2.463054187,79.67334496,82.41959029,2104.964697,9.726661511,14.65792192
"117","WHI-H-6","10/09/2024","NY1679821411","Heather",453,0,80,0,8,0,0,0,15,0,5,0,0,0,0,0,54.581029,-3.2888038,"Whiteside",4,0.831523767,0.424382716,0.599817608,63.72292389,3.91,2.221473731,0.05789417,179.0709357,7.628446984,23.47410109,0.010658019,0.00351205,18,60,27,8,0,48,24,1,0,1,0,4,0,0,1,0,0,0,0,0,0,0,0,1,186,193,58.5492228,37.8238342,3.626943005,0.00019635,94.72902213,110.1,168.9373297,16.34877384,54.49591281,24.52316076,7.266121708,43.59673025,21.79836512,0,0.908265213,79.67334496,82.41959029,2104.964697,9.726661511,14.65792192
"118","WHI-H-7","11/09/2024","NY1673821445","Heather",445,0,90,0,6,0,0,0,5,0,10,0,0,0,0,0,54.581325,-3.2897416,"Whiteside",4,0.684246709,0.329518708,0.493579667,63.73531036,4.17,1.904075711,0.070503638,175.4948455,8.412787171,20.86048796,0.010444058,0.002791981,5,11,10,1,5,91,25,0,1,1,0,1,0,0,0,0,0,0,0,0,0,0,0,2,148,153,17.64705882,79.08496732,3.267973856,0.00019635,75.37578105,103.8,142.5818882,4.816955684,10.5973025,9.633911368,0.963391137,87.66859345,24.08477842,4.816955684,0,79.67334496,82.41959029,2104.964697,9.726661511,14.65792192
"119","WHI-H-8","11/09/2024","NY1678321435","Heather",452,0,100,0,4,0,0,0,3,0,0,0,1,0,0,0,54.581242,-3.2890427,"Whiteside",4,0.336223515,0.140432099,0.242533999,43.21558631,4.04,1.54379245,0.045750408,119.7462437,7.203335267,16.6237221,0.010609403,0.003421154,11,103,34,7,1,20,20,4,0,2,0,1,0,0,0,0,0,0,0,0,0,0,0,3,200,206,75.24271845,21.84466019,2.912621359,0.00019635,101.8591636,116.4,171.8213058,9.450171821,88.48797251,29.20962199,6.013745704,17.18213058,17.18213058,0.859106529,3.436426117,79.67334496,82.41959029,2104.964697,9.726661511,14.65792192
"120","WHI-H-9","11/09/2024","NY1680621477","Heather",472,0,100,0,1,0,0,0,25,0,4,0,0,0,0,0,54.581624,-3.2886988,"Whiteside",4,0.663426053,0.370295858,0.478560738,63.29709387,3.95,2.288272037,0.050967753,170.7216012,7.333965543,23.27821152,0.010183306,0.003063794,23,113,20,17,0,31,20,2,0,1,1,1,0,0,0,0,0,0,0,0,0,0,0,2,226,231,74.89177489,22.94372294,2.164502165,0.00019635,115.1008548,125.7,179.7931583,18.29753381,89.89657916,15.91089897,13.52426412,24.6618934,15.91089897,0,1.591089897,79.67334496,82.41959029,2104.964697,9.726661511,14.65792192
